รหัสกระทรวง (10 หลัก),ชื่อโรงเรียน,ชื่อโรงเรียน (อังกฤษ),สังกัด,เขตเทศบาล,เขตตรวจราชการ,ชื่อผู้อำนวยการ,วันก่อตั้ง,รหัสประจำบ้าน,ที่อยู่,หมู่,ถนน,ตำบล,อำเภอ,จังหวัด,รหัสไปรษณีย์,หมายเลขโทรศัพท์ 1,หมายเลขโทรศัพท์ 2,หมายเลข Fax 1,หมายเลข Fax 2,Email,Website,ที่ดิน,ที่ตั้งบริเวณวัด,ละติจูด,ลองจิจูด,ที่ตั้งทางภูมิศาสตร์,ชั้นเรียนต่ำสุดที่เปิดสอน,ชั้นเรียนสูงสุดที่เปิดสอน,รหัสโรงเรียนสาขาหลัก,per code โรงเรียนสาขาหลัก,ชื่อโรงเรียนสาขาหลัก,รหัสโรงเรียนสาขาห้องหลัก,per code โรงเรียนสาขาห้องหลัก,ชื่อโรงเรียนสาขาห้องหลัก,อยู่ในเขตบริการไฟฟ้าส่วนภูมิภาค/นครหลวง,โรงเรียนมีไฟฟ้าใช้,จำนวนเครื่องระบบคอมพิวเตอร์ Stand alone,จำนวนเครื่องระบบคอมพิวเตอร์ Network,แหล่งน้ำที่รร.ใช้,ดูแลและรับผิดชอบพื้นที่จุดบอดทางการศึกษา,การเชื่อมต่ออินเตอร์เน็ต,ห้องอ.3ขวบ,ห้องอ.1,ห้องอ.2,ห้องป.1,ห้องป.2,ห้องป.3,ห้องป.4,ห้องป.5,ห้องป.6,ห้องม.1,ห้องม.2,ห้องม.3,ห้องม.4,ห้องม.5,ห้องม.6,ห้องปวช.1,ห้องปวช.2,ห้องปวช.3,ปัญหาเสียงจากโรงงาน/สารเคมี,ปัญหาเสียงจากเคมีการเกษตร,ปัญหาเสียงจากขยะ/สิ่งปฏิกูล,ปัญหาเสียงจากการจราจร,ปัญหาเสียงจากสาเหตุอื่นๆ,ปัญหาอากาศจากโรงงาน/สารเคมี,ปัญหาอากาศจากเคมีการเกษตร,ปัญหาอากาศจากขยะ/สิ่งปฏิกูล,ปัญหาอากาศจากการจราจร,ปัญหาอากาศจากสาเหตุอื่นๆ,ปัญหาน้ำจากโรงงาน/สารเคมี,ปัญหาน้ำจากเคมีการเกษตร,ปัญหาน้ำจากขยะ/สิ่งปฏิกูล,ปัญหาน้ำจากการจราจร,ปัญหาน้ำจากสาเหตุอื่นๆ,จำนวนห้องปฏิบัติการทางภาษา,จำนวนที่นั่งในห้องปฏิบัติการทางภาษา,จำนวนห้องเรียนคอมพิวเตอร์,จำนวนที่นั่งในห้องเรียนคอมพิวเตอร์,จำนวนห้องวิทยาศาสตร์,จำนวนที่นั่งในห้องวิทยาศาสตร์,คอมพิวเตอร์ชนิดตั้งโต๊ะทั้งหมด,คอมพิวเตอร์ชนิดตั้งโต๊ะที่ได้รับจากเงินงบประมาณ,คอมพิวเตอร์ชนิดตั้งโต๊ะที่ได้รับการบริจาค /เอกชนกี่เครื่อง,คอมพิวเตอร์ชนิดตั้งโต๊ะที่ใช้เพื่อจัดการบริหาร,คอมพิวเตอร์ชนิดตั้งโต๊ะที่ใช้เพื่อจัดการบริหารที่ใช้งานได้,คอมพิวเตอร์ชนิดตั้งโต๊ะที่ใช้จัดการเรียนการสอน,คอมพิวเตอร์ชนิดตั้งโต๊ะที่ใช้จัดการเรียนการสอนที่ใช้งานได้,notebook/netbook ทั้งหมด,notebook/netbook ที่ได้รับจากเงินงบประมาณ,notebook/netbook ที่ได้รับการบริจาค /เอกชนกี่เครื่อง,notebook/netbook ที่ใช้เพื่อจัดการบริหาร,notebook/netbook ที่ใช้เพื่อจัดการบริหารที่ใช้งานได้,notebook/netbook ที่ใช้จัดการเรียนการสอน,notebook/netbook ที่ใช้จัดการเรียนการสอนที่ใช้งานได้,tablet ทั้งหมด,tablet ที่ได้รับจากเงินงบประมาณ,tabletที่ได้รับการบริจาค /เอกชนกี่เครื่อง,tablet ที่ใช้เพื่อจัดการบริหาร,tablet ที่ใช้เพื่อจัดการบริหารที่ใช้งานได้,tablet ที่ใช้จัดการเรียนการสอน,tablet ที่ใช้จัดการเรียนการสอนที่ใช้งานได้,โครงการที่ส่งเจ้าหน้าที่ไปอบรมคอมพิวเตอร์เบื้องต้น,โครงการที่ส่งเจ้าหน้าที่ไปอบรมการใช้อินเตอร์เน็ตเบื้องต้น,โครงการที่ส่งเจ้าหน้าที่ไปอบรมการจัดทำ Web Site,โครงการที่ส่งเจ้าหน้าที่ไปอบรมการใช้โปรแกรมGraphic ต่างๆ,โครงการที่ส่งเจ้าหน้าที่ไปอบรมการผลิตสื่อการสอนด้วยคอมพิวเตอร์,โครงการที่ส่งเจ้าหน้าที่ไปอบรมการดูแลระบบเครือข่าย (Administrator),โครงการที่ส่งเจ้าหน้าที่ไปอบรมการซ่อมบำรุงคอมพิวเตอร์,โครงการที่ส่งเจ้าหน้าที่ไปอบรมการสร้างระบบE-Learning,โครงการที่ส่งเจ้าหน้าที่ไปอบรมการเขียนโปรแกรมต่างๆ,โครงการที่ส่งเจ้าหน้าที่ไปอบรมอื่นๆ,แหล่งไฟฟ้าจากการไฟฟ้าขนาดหม้อแปลง (KVA),แหล่งไฟฟ้าจากการไฟฟ้ามิเตอร์ไฟฟ้า (AMP),แหล่งไฟฟ้าจากการไฟฟ้าจำนวนเฟสไฟฟ้า,แหล่งไฟฟ้าจากการต่อพ่วงจากชุมชน ขนาดหม้อแปลง (KVA),แหล่งไฟฟ้าจากการต่อพ่วงจากชุมชน มิเตอร์ไฟฟ้า (AMP),แหล่งไฟฟ้าจากการต่อพ่วงจากชุมชน จำนวนเฟสไฟฟ้า,แหล่งไฟฟ้าจากเครื่องกำเนิดไฟฟ้า ขนาดหม้อแปลง (KVA),แหล่งไฟฟ้าจากเครื่องกำเนิดไฟฟ้า มิเตอร์ไฟฟ้า (AMP),แหล่งไฟฟ้าจากเครื่องกำเนิดไฟฟ้า จำนวนเฟสไฟฟ้า,แหล่งไฟฟ้าจากโซลาเซลล์ ขนาดหม้อแปลง (KVA),แหล่งไฟฟ้าจากโซลาเซลล์ มิเตอร์ไฟฟ้า (AMP),แหล่งไฟฟ้าจากโซลาเซลล์ จำนวนเฟสไฟฟ้า,จำนวนอาคารเรียนที่ใช้ไฟฟ้า,จำนวนห้องในอาคารเรียนที่ใช้ไฟฟ้า,จำนวนหลังอาคารเรียนที่ใช้ไฟฟ้า,จำนวนอาคารประกอบที่ใช้ไฟฟ้า,จำนวนห้องในอาคารประกอบที่ใช้ไฟฟ้า,จำนวนหลังอาคารประกอบที่ใช้ไฟฟ้า,จัดการเรียนการสอน DLTV,ภัยธรรมชาติ,รูป,ประเภทโรงเรียน,สถานะโรงเรียน,เรียนรวมกับ,กลุ่มโรงเรียน,นักเรียนรวม,ห้อง,ผอ,รอง,ครู,ขาดแคลนน้ำใช้ ม.ค.,ขาดแคลนน้ำใช้ ก.พ.,ขาดแคลนน้ำใช้ มี.ค.,ขาดแคลนน้ำใช้ เม.ษ.,ขาดแคลนน้ำใช้ พ.ค.,ขาดแคลนน้ำใช้ มิ.ย.,ขาดแคลนน้ำใช้ ก.ค.,ขาดแคลนน้ำใช้ ส.ค.,ขาดแคลนน้ำใช้ ก.ย.,ขาดแคลนน้ำใช้ ต.ค.,ขาดแคลนน้ำใช้ พ.ย.,ขาดแคลนน้ำใช้ ธ.ค.,อนุมัติเปิดชั้นอนุบาล 1,ระยะหางจากโรงเรียนถึงเขตฯ,การเปิดสอนลูกเสือ/เนตรนารี,การจัดตั้งกองลูกเสือ/เนตรนารี,การเปิดสอนยุวกาชาด,การจัดจั้งหมู่ยุวกาชาด
1054390223,บ้านน้ำริน (คุรุราษฎร์รังสรรค์),Namrin,สปช.(เดิม),อบต.,เขตตรวจราชการเขต 16,นายบุญมี เหลาธรรม,21/11/2442,-,0,2,ลอง - แพร่,ต้าผามอก,ลอง,แพร่,54150,54656125,-,54656125,-,bannamrin@gmail.com,https://sites.google.com/site/bannamrinschoollong/,ที่ราชพัสดุ,ไม่อยู่,18.157636,99.945364,พื้นราบ,อนุบาล 2,มัธยมศึกษาปีที่ 3,,,,,,,1,1,0,32,บ่อน้ำบาดาล,0,มีการเชื่อมต่ออินเทอร์เน็ตด้วย ADSL (Broadband),0,1,1,1,1,1,1,1,1,1,1,1,0,0,0,0,0,0,,,,,,,,,,,,,,,,0,0,1,10,1,25,0,0,0,0,0,0,0,0,0,0,0,0,0,0,0,0,0,0,0,0,0,18,18,1,0,20,0,0,18,0,0,0,0,0,0,0,0,0,0,0,0,0,0,4,24,4,5,5,5,ไม่จัด,แผ่นดินไหว,https://drive.google.com/file/d/1onjoKMlbCtf_w50roQCrVneM16x8JhYY/view?usp=sharing,ขยายโอกาส,โรงเรียนหลัก,,กลุ่มโรงเรียนเวียงปิ่นทอง,177,11,1,-,14,,,,,,,,,,,,,,17,เปิดสอน,จัดตั้ง,ไม่เปิดสอน,ไม่จัดตั้ง
1054390224,บ้านผามอก(ประชานุเคราะห์),Banpamok School,สปช.(เดิม),อบต.,เขตตรวจราชการเขต 16,นายบุญมี เหลาธรรม (รักษาราชการแทน),27/11/2454,,170,1,-,ต้าผามอก,ลอง,แพร่,54150,54656123,54656125,,,,,ที่ราชพัสดุ,ไม่อยู่,18.18327689,99.94807072,พื้นราบ,,,,,,,,,1,1,1,1,ประปาโรงเรียน,0,มีการเชื่อมต่ออินเทอร์เน็ตด้วย ADSL (Broadband),0,0,0,0,0,0,0,0,0,0,0,0,0,0,0,0,0,0,,,,,,,,,,,,,,,,0,0,1,6,1,6,0,0,0,0,0,0,0,0,0,0,0,0,0,0,0,0,0,0,0,0,0,0,0,0,0,0,0,0,0,0,0,0,0,0,0,0,0,0,0,0,0,0,0,1,4,1,3,4,3,ไม่จัด,ไม่เกิดภัยธรรมชาติ,,ประถม,เรียนรวม,บ้านน้ำริน(คุรุราษฎร์รังสรรค์),กลุ่มโรงเรียนเวียงปิ่นทอง,-,-,-,-,-,,,,,,,,,,,,,,23,,,,ไม่จัดตั้ง
1054390225,บ้านปง(วัฒนาวิทยาคาร),Banpong,สปช.(เดิม),อบต.,เขตตรวจราชการเขต 16,นายอินทรายุธ เพ็ญจิตต์,27/11/2442,-,149,3,-,ต้าผามอก,ลอง,แพร่,54150,054-656113,-,-,-,ิbanpong20111@hotmail.com,-,ที่ราชพัสดุ,ไม่อยู่,18.1413423,99.9356304,พื้นราบ,อนุบาล 2,ประถมศึกษาปีที่ 6,,,,,,,1,1,0,0,บ่อน้ำตื้น,0,มีการเชื่อมต่ออินเทอร์เน็ตด้วย ADSL (Broadband),0,1,1,1,1,1,1,1,1,0,0,0,0,0,0,0,0,0,,,,,,,,,,,,,,,,0,0,1,5,1,15,7,2,5,2,2,5,5,0,0,0,0,0,0,0,15,15,0,0,0,15,15,6,6,0,0,0,0,0,0,0,0,0,10,1,0,0,0,0,0,0,0,0,0,2,11,2,1,2,1,ใช้ DLTV,น้ำท่วม,https://drive.google.com/file/d/1cgpw9Rw8VdsEW46ta9Rg2Bjgs7gCnHcu/view?usp=sharing,ประถม,โรงเรียนหลัก,,กลุ่มโรงเรียนเวียงปิ่นทอง,52,8,1,-,5,,,,,,,,,,,,,,14.7,เปิดสอน,จัดตั้ง,ไม่เปิดสอน,ไม่จัดตั้ง
1054390208,บ้านศรีดอนไชย(ประชานุกูล),Sridonchai,สปช.(เดิม),อบต.,เขตตรวจราชการเขต 16,นายประนม แสงเดือน,21/11/2442,0,133,1,-,ทุ่งแล้ง,ลอง,แพร่,54150,843732059,,-,-,sridonchaisc@hotmail.com,-,ที่ดินได้รับบริจาคหรือให้ใช้,ไม่อยู่,17.99074231,99.76825424,พื้นราบ,อนุบาล 2,ประถมศึกษาปีที่ 6,,,,,,,1,1,0,0,ประปาโรงเรียน,0,มีการเชื่อมต่ออินเทอร์เน็ตด้วยจานดาวเทียม|มีการเชื่อมต่ออินเทอร์เน็ตด้วย Fiber Optic,0,0,0,0,0,0,1,1,1,0,0,0,0,0,0,0,0,0,,,,,,,,,,,,,,,,0,0,0,0,0,0,0,0,0,0,0,0,0,0,0,0,0,0,0,0,0,0,0,0,0,0,0,1,1,1,1,0,0,0,0,0,0,0,0,0,0,0,0,0,0,0,0,0,0,2,13,2,1,1,1,ไม่จัด,ไม่เกิดภัยธรรมชาติ,,ประถม,เรียนรวม,ปากจอกวิทยา,กลุ่มโรงเรียนทุ่งทองนที,6,3,-,-,-,,,,,,,,,,,,,,16,เปิดสอน,จัดตั้ง,ไม่เปิดสอน,ไม่จัดตั้ง
1054390209,ปากจอกวิทยา,Pakjokwittaya,สปช.(เดิม),อบต.,เขตตรวจราชการเขต 16,นายประนม แสงเดือน,27/11/2545,0,0,3,-,ทุ่งแล้ง,ลอง,แพร่,54150,864774124,857132996,0,0,pakjokwittaya@gmail.com,0,ที่ราชพัสดุ,ไม่อยู่,17.98349246,99.77103123,พื้นราบ,อนุบาล 2,มัธยมศึกษาปีที่ 3,,,,,,,1,1,0,30,ประปาหมู่บ้าน,0,มีการเชื่อมต่ออินเทอร์เน็ตด้วย Fiber Optic,0,1,1,1,1,1,1,1,1,1,1,1,0,0,0,0,0,0,,,,,,,,,,,,,,,,1,30,1,30,1,30,3,30,2,2,2,20,20,0,0,0,0,0,0,0,0,0,0,0,0,0,0,14,10,2,0,2,0,0,0,0,0,30,30,3,0,0,0,0,0,0,0,0,0,3,6,3,2,0,0,ไม่จัด,ไม่เกิดภัยธรรมชาติ,,ขยายโอกาส,โรงเรียนหลัก,,กลุ่มโรงเรียนทุ่งทองนที,127,11,1,-,14,,,,,,,,,,,,,,17,เปิดสอน,จัดตั้ง,ไม่เปิดสอน,ไม่จัดตั้ง
1054390210,บ้านวังเลียง,wangliang school,สปช.(เดิม),อบต.,เขตตรวจราชการเขต 16,นายทีปกร อะทะเสน,16/09/2500,-,160,7,-,ทุ่งแล้ง,ลอง,แพร่,54150,54550032,-,54550032,-,-,https://sites.google.com/site/banwangliangschool,ที่ราชพัสดุ,ไม่อยู่,17.9306054,99.6879164,พื้นราบ,อนุบาล 2,มัธยมศึกษาปีที่ 3,,,,,,,1,1,11,0,ประปาโรงเรียน,1,มีการเชื่อมต่ออินเทอร์เน็ตด้วย Fiber Optic,0,1,1,1,1,1,1,1,1,1,1,1,0,0,0,0,0,0,,,,,,,,,,,,,,,,0,0,1,11,0,0,0,0,0,0,0,0,0,0,0,0,0,0,0,0,0,0,0,0,0,0,0,0,0,0,0,1,0,0,0,0,0,100,5,3,0,0,0,0,0,0,0,0,0,4,29,4,2,2,2,ไม่จัด,น้ำท่วม,https://drive.google.com/file/d/14bR16vdCEnslIVjD5S8_TrxvXqIO3fc7/view?usp=sharing,ขยายโอกาส,โรงเรียนหลัก,,กลุ่มโรงเรียนทุ่งทองนที,112,11,1,-,14,,,,,,,,,,,,,,32,เปิดสอน,จัดตั้ง,ไม่เปิดสอน,ไม่จัดตั้ง
1054390211,บ้านอ้ายลิ่ม(ลิ่มราษฎร์สามัคคี),Ban Aylim School.,สปช.(เดิม),อบต.,เขตตรวจราชการเขต 16,นายประนม แสงเดือน,30/11/2480,354030208894,103,5,-,ทุ่งแล้ง,ลอง,แพร่,54150,882939179,986916691,-,-,banailim@phrae2.go.th,https://sites.google.com/site/banaylimschool,ที่ดินได้รับบริจาคหรือให้ใช้,ไม่อยู่,17.9501899,99.7054908,อยู่ในจังหวัดตามพระราชกฤษฎีกาจัดตั้งสถาบันวิจัยพัฒนาพื้นที่สูง (องค์การมหาชน) พ.ศ. 2548 เป็นพื้นที่ภูเขา หรือพื้นที่ที่ที่มีความสูงกว่าระดับน้ำทะเล 500 เมตร ขึ้นไป,อนุบาล 2,ประถมศึกษาปีที่ 6,,,,,,,1,1,5,0,ประปาโรงเรียน,0,มีการเชื่อมต่ออินเทอร์เน็ตด้วย Fiber Optic,0,1,1,1,1,1,1,1,1,0,0,0,0,0,0,0,0,0,,,,,,,,,,,,,,,,0,0,1,6,0,0,5,0,0,0,0,5,5,0,0,0,0,0,0,0,0,0,0,0,0,0,0,6,6,2,2,2,1,1,0,1,0,0,0,0,0,0,0,0,0,0,0,0,0,1,8,1,1,0,1,ใช้ DLTV,ไม่เกิดภัยธรรมชาติ,,ประถม,โรงเรียนหลัก,,กลุ่มโรงเรียนทุ่งทองนที,19,8,-,-,3,,,,,,,,,,,,,,21,เปิดสอน,จัดตั้ง,ไม่เปิดสอน,ไม่จัดตั้ง
1054390213,ประชารัฐวิทยาคาร,Pracharat School,เขตพื้นที่การศึกษา,อบต.,เขตตรวจราชการเขต 16,นายอรุจิวัฒน์ วิระคำ,01/05/2507,54030209122,122,2,-,ทุ่งแล้ง,ลอง,แพร่,54150,062-2391697,-,-,-,pracharat_w@hotmail.com,-,ที่ราชพัสดุ,ไม่อยู่,17.98675258,99.76095156,พื้นราบ,อนุบาล 2,มัธยมศึกษาปีที่ 3,,,,,,,1,1,0,6,ประปาโรงเรียน,0,มีการเชื่อมต่ออินเทอร์เน็ตด้วยจานดาวเทียม,0,1,1,1,1,1,1,1,1,1,1,0,0,0,0,0,0,0,,,,,,,,,,,,,,,,0,0,1,10,1,12,10,1,9,1,1,10,10,2,1,1,1,1,1,1,0,0,0,0,0,0,0,3,6,1,0,0,0,0,0,0,0,0,0,0,0,0,0,0,0,0,0,0,0,3,9,3,4,4,4,ไม่จัด,ไม่เกิดภัยธรรมชาติ,,ขยายโอกาส,โรงเรียนหลัก,,กลุ่มโรงเรียนทุ่งทองนที,60,10,-,-,9,,,,,,,,,,,,,,15,เปิดสอน,จัดตั้ง,ไม่เปิดสอน,ไม่จัดตั้ง
1054390203,บ้านแม่รัง (จัดสรรราษฎร์สงเคราะห์),Ban Maerang,สปช.(เดิม),อบต.,เขตตรวจราชการเขต 16,นายสุทธิชัย ณ น่าน,22/05/2496,54030220509,212,7,-,บ่อเหล็กลอง,ลอง,แพร่,54150,843640428,-,-,-,maerang.school2@gmail.com,-,ที่ดินได้รับบริจาคหรือให้ใช้,ไม่อยู่,18.000524,99.701392,พื้นราบ,อนุบาล 2,มัธยมศึกษาปีที่ 3,,,,,,,1,1,0,20,ประปาหมู่บ้าน,0,มีการเชื่อมต่ออินเทอร์เน็ตด้วย Fiber Optic,0,1,1,1,1,1,1,1,1,1,1,1,0,0,0,0,0,0,,,,,,,,,,,,,,,,0,0,1,10,1,20,0,0,0,0,0,0,0,0,0,0,0,0,0,0,0,0,0,0,0,0,0,0,0,0,0,0,0,0,0,0,0,1,15,3,0,0,0,0,0,0,0,0,0,3,19,3,7,17,7,ใช้ DLTV,ไม่เกิดภัยธรรมชาติ,,ขยายโอกาส,โรงเรียนหลัก,,กลุ่มโรงเรียนทุ่งทองนที,90,11,1,-,11,,,,,,,,,,,,,,20,เปิดสอน,ไม่จัดตั้ง,ไม่เปิดสอน,ไม่จัดตั้ง
1054390204,บ้านค้างตะนะวิทยา,kangtanawittaya,เขตพื้นที่การศึกษา,เทศบาลตำบล,เขตตรวจราชการเขต 16,นายสุทธิชัย ณ น่าน,28/04/2512,-,87,5,-,บ่อเหล็กลอง,ลอง,แพร่,54150,843640428,-,-,-,kangtana@gmail.com,-,ที่สาธารณะประโยชน์,ไม่มีกิจกรรมการสอนพุทธศาสนาในวันหยุดให้นักเรียน,18.01607349,99.71208798,พื้นราบ,อนุบาล 2,ประถมศึกษาปีที่ 6,,,,,,,1,1,0,1,แม่น้ำ / ลำธาร,0,มีการเชื่อมต่ออินเทอร์เน็ตด้วยวงจรเช่า Leased Line,0,1,1,1,1,1,1,1,1,0,0,0,0,0,0,0,0,0,,,,,,,,,,,,,,,น้ำไม่สะอาด,0,0,1,4,0,0,0,0,0,0,0,0,0,0,0,0,0,0,0,0,0,0,0,0,0,0,0,1,1,0,0,0,0,0,0,0,0,15,15,2,0,0,0,0,0,0,0,0,0,1,6,1,3,3,3,ใช้ DLTV,ไม่เกิดภัยธรรมชาติ,,ประถม,โรงเรียนหลัก,,กลุ่มโรงเรียนทุ่งทองนที,25,8,-,-,2,,,,1,,,,,,,,,,16,เปิดสอน,ไม่จัดตั้ง,ไม่เปิดสอน,ไม่จัดตั้ง
1054390200,บ้านนาตุ้ม(คุรุราษฎร์วิทยานุสรณ์),BAN NATHUM,สปช.(เดิม),อบต.,เขตตรวจราชการเขต 16,นายอรุจิวัฒน์ วิระคำ,16/07/2477,5403-020887-8,115,9,-,บ่อเหล็กลอง,ลอง,แพร่,54150,054-545240,-,-,-,Nathum_school@hotmail.com,http://nathumschool.wordpress.com/,ที่สาธารณะประโยชน์,ไม่อยู่,18.05262596,99.7793053,พื้นราบ,อนุบาล 2,ประถมศึกษาปีที่ 6,,,,,,,0,1,0,0,ประปาหมู่บ้าน,0,มีการเชื่อมต่ออินเทอร์เน็ตด้วยจานดาวเทียม,0,1,1,1,1,1,1,1,1,0,0,0,0,0,0,0,0,0,,,,,,,,1,,,,,,,,0,0,12,12,0,0,16,7,9,3,3,13,8,0,0,0,0,0,0,0,0,0,0,0,0,0,0,1,1,1,0,1,1,0,0,0,0,10,10,3,0,0,0,0,0,0,0,0,0,3,12,3,1,1,1,ใช้ DLTV,ไม่เกิดภัยธรรมชาติ,,ประถม,โรงเรียนหลัก,,กลุ่มโรงเรียนทุ่งทองนที,88,8,1,-,6,,,,,,,,,,,,,,12.5,เปิดสอน,จัดตั้ง,ไม่เปิดสอน,ไม่จัดตั้ง
1054390198,บ้านแม่หลู้(รัฐราษฎร์รังสรรค์),Ban Mae-loo,สปช.(เดิม),อบต.,เขตตรวจราชการเขต 16,นางสาวอารีรัตน์ อุดคำมี,30/11/2492,-,84,11,-,บ้านปิน,ลอง,แพร่,54150,933916594,-,-,-,-,www.schoolmealoo.com,ที่ราชพัสดุ,ไม่อยู่,18.0411729,99.9084538,พื้นราบ,อนุบาล 2,มัธยมศึกษาปีที่ 3,,,,,,,1,1,12,12,ประปาหมู่บ้าน,0,มีการเชื่อมต่ออินเทอร์เน็ตด้วยจานดาวเทียม,0,1,1,1,1,1,1,1,1,1,1,1,0,0,0,0,0,0,,,,,,,,,,,,,,,,0,0,1,10,1,20,10,10,2,2,2,10,6,0,0,4,4,2,0,0,8,8,0,1,1,7,5,10,10,3,1,1,0,0,0,0,0,0,15,1,0,0,0,0,0,0,0,0,0,3,17,3,2,0,0,ไม่จัด,ไม่เกิดภัยธรรมชาติ,,ขยายโอกาส,โรงเรียนหลัก,,กลุ่มโรงเรียนเวียงปิ่นทอง,96,11,1,-,11,,,,,,,,,,,,,,12.6,เปิดสอน,จัดตั้ง,ไม่เปิดสอน,ไม่จัดตั้ง
1054390194,บ้านบ่อ,Banbor School,เขตพื้นที่การศึกษา,อบต.,เขตตรวจราชการเขต 16,นางลาแพน หล้าคำมี,04/07/2492,-,-,2,-,บ้านปิน,ลอง,แพร่,54150,830879885,-,-,-,banbo2015school@gmail.com,sites.google.com/site/banboschool,ที่ราชพัสดุ,ไม่อยู่,18.1038065,99.8780036,พื้นราบ,อนุบาล 2,ประถมศึกษาปีที่ 6,,,,,,,1,1,0,1,ประปาโรงเรียน,0,มีการเชื่อมต่ออินเทอร์เน็ตด้วย ADSL (Broadband),0,1,1,1,1,1,1,1,1,0,0,0,0,0,0,0,0,0,,,,,,,,,,,,,,,,0,0,0,0,0,0,0,0,0,0,0,0,0,0,0,0,0,0,0,0,0,0,0,0,0,0,0,0,0,0,0,0,0,0,0,0,0,0,0,0,0,0,0,0,0,0,0,0,0,2,10,2,0,0,0,ใช้ DLTV,ไม่เกิดภัยธรรมชาติ,,ประถม,โรงเรียนหลัก,,กลุ่มโรงเรียนเวียงปิ่นทอง,39,8,1,-,4,,,,,,,,,,,,,,8,เปิดสอน,จัดตั้ง,ไม่เปิดสอน,ไม่จัดตั้ง
1054390196,อนุสรณ์รัฐประชา,Anusornratphacha School,เขตพื้นที่การศึกษา,อบต.,เขตตรวจราชการเขต 16,นายแสงตะวัน จันทยุทธ,11/05/2484,5403-020916-5,114,9,-,บ้านปิน,ลอง,แพร่,54150,883123229,821828587,-,-,anusornratpracha@gmail.com,sites.google.com/site/anusornratprachaschool,ที่ราชพัสดุ,ไม่อยู่,18.199792,99.852429,อยู่ในจังหวัดตามพระราชกฤษฎีกาจัดตั้งสถาบันวิจัยพัฒนาพื้นที่สูง (องค์การมหาชน) พ.ศ. 2548 เป็นพื้นที่ภูเขา หรือพื้นที่ที่ที่มีความสูงกว่าระดับน้ำทะเล 500 เมตร ขึ้นไป,อนุบาล 2,ประถมศึกษาปีที่ 6,,,,,,,1,1,0,5,ถังเก็บน้ำซีเมนต์,0,มีการเชื่อมต่ออินเทอร์เน็ตด้วยจานดาวเทียม,0,1,1,1,1,1,1,1,1,0,0,0,0,0,0,0,0,0,,,,,,,,,,,,,,,,0,0,1,4,0,0,5,5,0,1,1,4,4,1,1,0,1,1,0,0,0,0,0,0,0,0,0,4,1,1,1,1,1,1,1,1,0,0,0,0,0,0,0,0,0,0,0,0,0,1,5,1,1,0,0,ใช้ DLTV,ไม่เกิดภัยธรรมชาติ,,ประถม,โรงเรียนหลัก,,กลุ่มโรงเรียนห้วยอ้อ,27,8,-,-,3,,,,,,,,,,,,,,26,เปิดสอน,ไม่จัดตั้ง,ไม่เปิดสอน,ไม่จัดตั้ง
1054390192,บ้านปิน(ปินประชาราษฎร์),Banpin School,เขตพื้นที่การศึกษา,เทศบาลตำบล,เขตตรวจราชการเขต 16,นายณคพศ ปิยภัทรกุล,13/02/2466,54940000613,210,5,-,บ้านปิน,ลอง,แพร่,54150,871743248,-,-,-,bpsc33@hotmail.com,www.banpinschool.com,ที่ราชพัสดุ,วัดจัดกิจกรรมการสอนพุทธศาสนาในวันหยุดให้นักเรียน,18.098946,99.86182,พื้นราบ,อนุบาล 2,ประถมศึกษาปีที่ 6,,,,,,,0,1,0,20,ประปาเทศบาล,0,มีการเชื่อมต่ออินเทอร์เน็ตด้วย Fiber Optic,0,1,1,1,1,1,1,1,1,0,0,0,0,0,0,0,0,0,,,,,,,,,,,,,,,,0,0,1,20,1,20,20,20,0,3,3,17,17,2,1,1,2,2,0,0,0,0,0,0,0,0,0,10,10,2,2,2,1,1,2,1,0,100,15,3,0,0,0,0,0,0,0,0,0,3,24,3,2,2,2,ไม่จัด,ไม่เกิดภัยธรรมชาติ,,ประถม,โรงเรียนหลัก,,กลุ่มโรงเรียนเวียงปิ่นทอง,85,8,1,-,8,,,,,,,,,,,,,,3.7,เปิดสอน,จัดตั้ง,ไม่เปิดสอน,ไม่จัดตั้ง
1054390193,บ้านทุ่งตากล้า(คุรุราษฎร์บำรุงวิทย์),Thungtakla School,เขตพื้นที่การศึกษา,อบต.,เขตตรวจราชการเขต 16,นายณคพศ ปิยภัทรกุล,30/11/2502,54030209068,102,3,-,บ้านปิน,ลอง,แพร่,54150,956900055,962724481,-,-,thungtaklaschool@gmail.com,-,ที่ราชพัสดุ,ไม่อยู่,18.1107719,99.8620598,พื้นราบ,อนุบาล 2,ประถมศึกษาปีที่ 6,,,,,,,1,1,0,0,ประปาโรงเรียน,0,มีการเชื่อมต่ออินเทอร์เน็ตด้วย Fiber Optic,0,0,0,1,1,1,0,1,1,0,0,0,0,0,0,0,0,0,,,,,,,,,,,,,,,,0,0,0,0,0,0,13,0,13,0,0,0,0,4,4,0,0,0,0,0,12,12,0,0,0,0,0,0,0,0,0,0,0,0,0,0,0,0,0,0,0,0,0,0,0,0,0,0,0,1,7,1,2,3,2,ใช้ DLTV,ไม่เกิดภัยธรรมชาติ,,ประถม,โรงเรียนหลัก,,กลุ่มโรงเรียนเวียงปิ่นทอง,8,5,-,-,2,,,,,,,,,,,,,,5.7,เปิดสอน,ไม่จัดตั้ง,เปิดสอน,ไม่จัดตั้ง
1054390214,บ้านปากกาง(ประชาราษฎร์รังสฤษฏ์),Banpakkang,เขตพื้นที่การศึกษา,เทศบาลตำบล,เขตตรวจราชการเขต 16,นายโยธิน​ ตาน้อย,27/02/2469,54030213481,67,2,-,ปากกาง,ลอง,แพร่,54150,54581613,,,,Pakkang2564@gmail.com,https://sites.google.com/site/pakkangschool,ที่ราชพัสดุ,ไม่อยู่,18.056747,99.8124947,พื้นราบ,อนุบาล 2,มัธยมศึกษาปีที่ 3,,,,,,,1,1,0,15,ประปาโรงเรียน,0,มีการเชื่อมต่ออินเทอร์เน็ตด้วย ADSL (Broadband)|มีการเชื่อมต่ออินเทอร์เน็ตด้วย Fiber Optic,0,1,1,1,1,1,1,1,1,1,1,1,0,0,0,0,0,0,,,,,,,,,,,,,,,,0,0,1,15,0,0,12,11,1,2,2,10,5,26,26,0,11,11,15,15,0,0,0,0,0,0,0,18,18,1,18,18,2,2,4,2,0,0,30,3,0,0,0,0,0,0,0,0,0,4,19,4,5,5,5,ไม่จัด,ไม่เกิดภัยธรรมชาติ,,ขยายโอกาส,โรงเรียนหลัก,,กลุ่มโรงเรียนห้วยอ้อ,121,11,1,-,13,,,,,,,,,,,,,,6.8,เปิดสอน,จัดตั้ง,ไม่เปิดสอน,ไม่จัดตั้ง
1054390217,บ้านแม่ปาน(แม่ปานประชาสงเคราะห์),Maepan School,เขตพื้นที่การศึกษา,เทศบาลตำบล,เขตตรวจราชการเขต 16,นายชัยรัตน์. อภิวันท์สิริวัฒน์,25/02/2477,-,3,2,-,แม่ปาน,ลอง,แพร่,54150,54657038,54657038,54657038,-,Maepan2557@hotmail.com,www.maepan.com,ที่ราชพัสดุ,ไม่มีกิจกรรมการสอนพุทธศาสนาในวันหยุดให้นักเรียน,18.01128221,99.84939573,พื้นราบ,อนุบาล 2,มัธยมศึกษาปีที่ 3,,,,,,,1,1,18,18,ประปาโรงเรียน,0,มีการเชื่อมต่ออินเทอร์เน็ตด้วย ADSL (Broadband),0,1,1,1,1,1,1,1,1,1,1,1,0,0,0,0,0,0,,,,,,,,,,,,,,,,0,0,1,15,1,20,18,18,0,3,3,15,15,1,0,1,1,1,13,13,13,13,0,1,1,12,12,0,1,0,0,1,1,0,0,0,0,220,15,3,0,0,0,0,0,0,0,0,0,4,23,4,4,4,4,ไม่จัด,ไม่เกิดภัยธรรมชาติ,,ขยายโอกาส,โรงเรียนหลัก,,กลุ่มโรงเรียนห้วยอ้อ,137,11,1,-,13,,,,,,,,,,,,,,20,เปิดสอน,จัดตั้ง,ไม่เปิดสอน,ไม่จัดตั้ง
1054390218,บ้านเหล่า(รัฐราษฎร์บำรุง ),banlaow,เขตพื้นที่การศึกษา,เทศบาลตำบล,เขตตรวจราชการเขต 16,นายเอกลักษณ์ อินกัน,30/11/2481,,1,2,-,เวียงต้า,ลอง,แพร่,54150,54656591,,54656591,,banloawpre2@gmail.com,sites.google.com/site/banlaowschool,ที่ราชพัสดุ,ไม่อยู่,18.2659494,99.9900393,พื้นราบ,อนุบาล 1,มัธยมศึกษาปีที่ 3,,,,,,,1,1,0,0,ประปาโรงเรียน,0,มีการเชื่อมต่ออินเทอร์เน็ตด้วย ADSL (Broadband)|มีการเชื่อมต่ออินเทอร์เน็ตด้วย Fiber Optic,1,1,1,1,1,1,1,1,1,1,1,1,0,0,0,0,0,0,,,,,,,,,,,,,,,,0,0,1,30,1,30,45,35,10,10,10,35,30,0,0,0,0,0,0,0,0,0,0,0,0,0,0,0,0,0,0,0,0,0,0,0,0,0,0,0,0,0,0,0,0,0,0,0,0,0,0,0,0,0,0,ไม่จัด,ไม่เกิดภัยธรรมชาติ,,ขยายโอกาส,โรงเรียนหลัก,,กลุ่มโรงเรียนเวียงปิ่นทอง,215,12,1,1,14,,,,,,,,,,,,,1,30,เปิดสอน,จัดตั้ง,ไม่เปิดสอน,ไม่จัดตั้ง
1054390219,บ้านแหลง(คุรุประชาสามัคคี),BANLANGSCHOOL,เขตพื้นที่การศึกษา,เทศบาลตำบล,เขตตรวจราชการเขต 16,นางสาววราภรณ์ วรินทร์,11/07/2485,5403-020880-0,124,5,-,เวียงต้า,ลอง,แพร่,54150,991371121,,,,,,ที่ราชพัสดุ,ไม่อยู่,18.2562227,99.9810326,พื้นราบ,ประถมศึกษาปีที่ 1,ประถมศึกษาปีที่ 6,54020026,390218,บ้านเหล่า(รัฐราษฎร์บำรุง ),54020026,390218,บ้านเหล่า(รัฐราษฎร์บำรุง ),1,1,3,10,บ่อน้ำบาดาล,0,มีการเชื่อมต่ออินเทอร์เน็ตด้วย ADSL (Broadband),0,0,0,1,0,1,1,1,1,0,0,0,0,0,0,0,0,0,,,,,,,,,,,,,,,,0,0,0,0,0,0,0,0,0,0,0,0,0,0,0,0,0,0,0,0,0,0,0,0,0,0,0,6,0,0,0,0,0,0,0,0,0,0,0,0,0,0,0,0,0,0,0,0,0,3,12,3,2,6,2,ไม่จัด,ไม่เกิดภัยธรรมชาติ,1,ประถม,โรงเรียนหลัก,,กลุ่มโรงเรียนเวียงปิ่นทอง,49,5,1,-,6,1,1,1,1,,,,,,,,1,,28,เปิดสอน,จัดตั้ง,ไม่เปิดสอน,ไม่จัดตั้ง
1054390220,บ้านม่อน(ปัญญาฉลาดราษฎร์นุกูล),BANMON SCHOOL,เขตพื้นที่การศึกษา,เทศบาลตำบล,เขตตรวจราชการเขต 16,นายเอกลักษณ์ อินกัน,16/06/2489,54030208762,101,3,-,เวียงต้า,ลอง,แพร่,54150,054-656580,-,-,-,banmon_pre2@hotmail.com,https://sites.google.com/site/banmon58,ที่ราชพัสดุ,ไม่อยู่,18.25940935,99.99864717,พื้นราบ,,,54020026,390218,บ้านเหล่า(รัฐราษฎร์บำรุง ),54020026,390218,บ้านเหล่า(รัฐราษฎร์บำรุง ),1,1,0,10,บ่อน้ำบาดาล,0,มีการเชื่อมต่ออินเทอร์เน็ตด้วย Fiber Optic,0,0,0,0,0,0,0,0,0,0,0,0,0,0,0,0,0,0,,,,,,,,,,,,,,,,0,0,0,0,0,0,0,0,0,0,0,0,0,0,0,0,0,0,0,0,0,0,0,0,0,0,0,3,1,1,0,0,0,0,0,0,0,0,0,0,0,0,0,0,0,0,0,0,0,0,0,0,0,0,0,ไม่จัด,ไม่เกิดภัยธรรมชาติ,,ประถม,โรงเรียนหลัก,,กลุ่มโรงเรียนเวียงปิ่นทอง,-,-,-,-,-,,,,,,,,,,,,,,30,,,,ไม่จัดตั้ง
1054390222,บ้านแป้น(รัฐราษฎร์วิทยา),BanpanSchool,สปช.(เดิม),เทศบาลตำบล,เขตตรวจราชการเขต 16,นายเอกลักษณ์ อินกัน,12/05/2481,5403-020881-9,88,1,-,เวียงต้า,ลอง,แพร่,54150,871728061,902430115,,,,,ที่ราชพัสดุ,ไม่อยู่,18.29560985,100.0236037,พื้นราบ,อนุบาล 2,ประถมศึกษาปีที่ 6,54020026,390218,บ้านเหล่า(รัฐราษฎร์บำรุง ),54020026,390218,บ้านเหล่า(รัฐราษฎร์บำรุง ),1,1,1,10,บ่อน้ำบาดาล,1,มีการเชื่อมต่ออินเทอร์เน็ตด้วย ADSL (Broadband),0,0,1,1,1,1,1,1,1,0,0,0,0,0,0,0,0,0,,,,,,,,,,,,,,,,0,0,1,12,0,0,7,5,2,7,7,6,7,0,0,0,0,0,0,0,0,0,0,0,0,0,0,1,1,1,0,0,0,1,0,0,0,0,0,0,0,0,0,0,0,0,0,0,0,2,9,2,1,2,1,ใช้ DLTV,ไม่เกิดภัยธรรมชาติ,1,ประถม,โรงเรียนหลัก,,กลุ่มโรงเรียนเวียงปิ่นทอง,18,7,-,-,3,1,1,1,1,1,1,1,1,1,1,1,1,,25,เปิดสอน,จัดตั้ง,ไม่เปิดสอน,ไม่จัดตั้ง
1054390191,บ้านแม่จองไฟ(รัฐราษฎร์พัฒนา),MAE JONG FAI,สปช.(เดิม),เทศบาลตำบล,เขตตรวจราชการเขต 16,นายแสงตะวัน จันทยุทธ,06/05/2512,0,72,2,-,ห้วยอ้อ,ลอง,แพร่,54150,,,,,,,ที่ราชพัสดุ,ไม่อยู่,18.1340372,99.8035559,อยู่ในจังหวัดตามพระราชกฤษฎีกาจัดตั้งสถาบันวิจัยพัฒนาพื้นที่สูง (องค์การมหาชน) พ.ศ. 2548 เป็นพื้นที่ภูเขา หรือพื้นที่ที่ที่มีความสูงกว่าระดับน้ำทะเล 500 เมตร ขึ้นไป,อนุบาล 2,มัธยมศึกษาปีที่ 3,,,,,,,1,1,2,13,ประปาหมู่บ้าน,0,มีการเชื่อมต่ออินเทอร์เน็ตด้วยจานดาวเทียม,0,1,1,1,1,1,1,1,1,1,1,1,0,0,0,0,0,0,,,,,,,,1,,,,,,,,0,0,1,20,1,20,0,0,0,0,0,0,0,0,0,0,0,0,0,0,0,0,0,0,0,0,0,0,0,0,0,0,0,0,0,0,0,0,0,0,0,0,0,0,0,0,0,0,0,0,0,0,0,0,0,ไม่จัด,ไม่เกิดภัยธรรมชาติ,1,ขยายโอกาส,โรงเรียนหลัก,,กลุ่มโรงเรียนห้วยอ้อ,102,11,-,-,11,,,1,1,1,,,,,,,,,20,เปิดสอน,จัดตั้ง,ไม่เปิดสอน,ไม่จัดตั้ง
1054390186,บ้านดอนมูล(สุวรรณสาราษฎร์บำรุง),BANDONMOON,สปช.(เดิม),เทศบาลตำบล,เขตตรวจราชการเขต 16,นางสาวปัทมาภรณ์ หงษ์ทอง,01/06/2502,,30/4,10,-,ห้วยอ้อ,ลอง,แพร่,54150,54067757,,,,donmoonschool@gmail.com,,ที่ราชพัสดุ,ไม่อยู่,18.0659057,99.8305682,พื้นราบ,อนุบาล 2,ประถมศึกษาปีที่ 6,,,,,,,1,1,0,0,ประปาโรงเรียน,0,มีการเชื่อมต่ออินเทอร์เน็ตด้วย ADSL (Broadband),0,1,1,1,1,1,1,1,1,0,0,0,0,0,0,0,0,0,,,,,,,,,,,,,,,,0,0,1,10,0,0,16,6,10,3,3,13,13,0,0,0,0,0,0,0,0,0,0,0,0,0,0,0,0,0,0,0,0,1,0,0,0,0,0,0,0,0,0,0,0,0,0,0,0,1,12,1,0,0,0,ใช้ DLTV,ไม่เกิดภัยธรรมชาติ,,ประถม,โรงเรียนหลัก,,กลุ่มโรงเรียนห้วยอ้อ,42,8,1,-,4,,,,,,,,,,,,,,2.7,เปิดสอน,จัดตั้ง,ไม่เปิดสอน,ไม่จัดตั้ง
1054390187,บ้านนาหลวง(สำนักงานสลากกินแบ่งสงเคราะห์387),Naluang,สปช.(เดิม),เทศบาลตำบล,เขตตรวจราชการเขต 16,นางสาวอมรรัตน์ ยะรินทร์,28/02/2477,-,83,4,-,ห้วยอ้อ,ลอง,แพร่,54150,,54060077,,,bannaluang.387@gmail.com,,ที่ราชพัสดุ,ไม่อยู่,18.08547171,99.82473579,พื้นราบ,อนุบาล 2,ประถมศึกษาปีที่ 6,,,,,,,1,1,0,12,ประปาโรงเรียน,0,มีการเชื่อมต่ออินเทอร์เน็ตด้วย ADSL (Broadband),0,1,1,1,1,1,1,1,1,0,0,0,0,0,0,0,0,0,,,,,,,,,,,,,,,,0,0,1,5,1,10,0,0,0,0,0,0,0,0,0,0,0,0,0,0,0,0,0,0,0,0,0,1,1,1,0,0,0,0,0,0,0,0,0,0,0,0,0,0,0,0,0,0,0,2,13,2,3,3,3,ใช้ DLTV,ไม่เกิดภัยธรรมชาติ,,ประถม,โรงเรียนหลัก,,กลุ่มโรงเรียนห้วยอ้อ,52,8,1,-,4,,,,,,,,,,,,,,3,เปิดสอน,จัดตั้ง,ไม่เปิดสอน,ไม่จัดตั้ง
1054390188,บ้านนาแก,Nakae,สปช.(เดิม),เทศบาลตำบล,เขตตรวจราชการเขต 16,นางสาวอมรรัตน์ ยะรินทร์,11/05/2486,,-,3,-,ห้วยอ้อ,ลอง,แพร่,54150,,,,,,,ที่ราชพัสดุ,ไม่อยู่,18.09981609,99.83649061,พื้นราบ,,,,,,,,,0,1,0,0,อื่นๆ,0,ไม่มีการเชื่อมต่ออินเทอร์เน็ต,0,0,0,0,0,0,0,0,0,0,0,0,0,0,0,0,0,0,,,,,,,,,,,,,,,,0,0,0,0,0,0,0,0,0,0,0,0,0,0,0,0,0,0,0,0,0,0,0,0,0,0,0,0,0,0,0,0,0,0,0,0,0,0,0,0,0,0,0,0,0,0,0,0,0,0,0,0,0,0,0,ไม่จัด,ไม่เกิดภัยธรรมชาติ,,ประถม,เรียนรวม,บ้านนาหลวง(สำนักงานสลากกินแบ่งสงเคราะห์387),กลุ่มโรงเรียนห้วยอ้อ,-,-,-,-,-,,,,,,,,,,,,,,3,,,,ไม่จัดตั้ง
1054390184,อนุบาลจรูญลองรัตนาคาร,anubanjaroonlongrattanakan school,เขตพื้นที่การศึกษา,เทศบาลตำบล,เขตตรวจราชการเขต 16,นายแสงตะวัน จันทยุทธ,01/10/2500,-,80,6,จรูญลองรัฐ,ห้วยอ้อ,ลอง,แพร่,54150,54581658,806781747,-,-,admin@jaroonlong.com,http://www.jaroonlong.com,ที่ราชพัสดุ,ไม่อยู่,18.076748,99.832722,พื้นราบ,อนุบาล 1,ประถมศึกษาปีที่ 6,,,,,,,1,1,0,1,ประปาเทศบาล,0,มีการเชื่อมต่ออินเทอร์เน็ตด้วย ADSL (Broadband),2,2,2,3,3,3,3,3,3,0,0,0,0,0,0,0,0,0,,,,,,,,,,,,,,,,1,30,1,30,1,40,44,23,21,2,2,42,39,3,3,0,3,0,0,0,48,48,0,0,0,48,48,1,1,1,1,0,1,1,0,0,0,45,750,3,0,0,0,0,0,0,0,0,0,6,43,6,2,2,2,ไม่จัด,ไม่เกิดภัยธรรมชาติ,,ประถม,โรงเรียนหลัก,,กลุ่มโรงเรียนห้วยอ้อ,552,24,1,1,23,,,,,,,,,,,,,1,3,เปิดสอน,จัดตั้ง,ไม่เปิดสอน,ไม่จัดตั้ง
1054390201,บ้านนาอุ่นน่อง(ประชารัฐวิทยาคาร),Na-unnong School,เขตพื้นที่การศึกษา,อบต.,เขตตรวจราชการเขต 16,นายมานิตย์ แก้วบาง,01/05/2492,54030208690,169,6,ลอง- วังชิ้น,หัวทุ่ง,ลอง,แพร่,54150,882249618,-,-,-,,www.banna-unnong school.com,ที่ราชพัสดุ,ไม่อยู่,18.0637629,99.7772032,พื้นราบ,ประถมศึกษาปีที่ 3,มัธยมศึกษาปีที่ 3,,,,,,,1,1,0,15,ประปาโรงเรียน,0,มีการเชื่อมต่ออินเทอร์เน็ตด้วยวงจรเช่า Leased Line,0,0,0,0,0,1,1,1,1,1,1,1,0,0,0,0,0,0,,,,,,,,,,,,,,,,0,0,1,8,1,30,0,0,0,0,0,0,0,0,0,0,0,0,0,0,0,0,0,0,0,0,0,0,0,1,1,0,1,0,0,0,0,0,0,0,0,0,0,0,0,0,0,0,0,0,0,0,0,0,0,ไม่จัด,ไม่เกิดภัยธรรมชาติ,,ขยายโอกาส,โรงเรียนหลัก,,กลุ่มโรงเรียนทุ่งทองนที,30,7,-,-,7,,,,,,,,,,,,,,12,เปิดสอน,จัดตั้ง,ไม่เปิดสอน,ไม่จัดตั้ง
1054390207,บ้านไผ่ล้อม(สำนักงานสลากกินแบ่งสงเคราะห์ 46),Ban Phailom School,สปช.(เดิม),อบต.,เขตตรวจราชการเขต 16,นายมานิตย์ แก้วบาง,31/03/2481,0,1,2,-,หัวทุ่ง,ลอง,แพร่,54150,54581615,-,-,-,-,-,ที่ราชพัสดุ,ไม่อยู่,18.06718371,99.80094983,พื้นราบ,อนุบาล 2,มัธยมศึกษาปีที่ 3,,,,,,,1,1,0,0,ประปาโรงเรียน,0,มีการเชื่อมต่ออินเทอร์เน็ตด้วยวงจรเช่า Leased Line,0,0,0,1,1,1,1,1,1,1,1,1,0,0,0,0,0,0,,,,,,,,,,,,,,,,0,0,1,15,1,15,0,0,0,0,0,0,0,0,0,0,0,0,0,0,0,0,0,0,0,0,0,1,0,0,0,0,0,0,0,1,0,0,0,0,0,0,0,0,0,0,0,0,0,0,0,0,0,0,0,ใช้ DLTV,แผ่นดินไหว,https://drive.google.com/file/d/14s4_1AbPIM0qICesHWLEFl5OEtI649Kt/view?usp=sharing,ขยายโอกาส,โรงเรียนหลัก,,กลุ่มโรงเรียนทุ่งทองนที,73,9,1,-,8,,,,,,,,,,,,,,7.4,เปิดสอน,ไม่จัดตั้ง,ไม่เปิดสอน,ไม่จัดตั้ง
1054390084,บ้านหัวดง,Banhuadong School,สปช.(เดิม),อบต.,เขตตรวจราชการเขต 16,นางวัชรี กาศสนุก,16/05/2495,54040263073,231,3,-,ดอนมูล,สูงเม่น,แพร่,54310,054-541791,-,-,-,banhuadong@phrae2.go.th,-,ที่ราชพัสดุ,ไม่อยู่,18.0633576,100.1177235,พื้นราบ,อนุบาล 1,ประถมศึกษาปีที่ 6,,,,,,,1,1,20,0,ประปาหมู่บ้าน,0,มีการเชื่อมต่ออินเทอร์เน็ตด้วย ADSL (Broadband)|มีการเชื่อมต่ออินเทอร์เน็ตด้วย Fiber Optic,1,1,1,1,1,1,1,1,1,0,0,0,0,0,0,0,0,0,,,,,,,,,,,,,,,,1,20,1,15,1,20,20,20,0,8,1,12,0,18,18,0,5,5,13,13,42,42,0,1,1,41,41,2,2,1,0,0,0,0,0,0,0,50,30,3,0,0,0,0,0,0,0,0,0,3,21,3,1,1,1,ไม่จัด,ไม่เกิดภัยธรรมชาติ,,ประถม,โรงเรียนหลัก,,กลุ่มโรงเรียนสูงเม่นพัฒนา,147,9,1,-,11,,,,,,,,,,,,,1,48,เปิดสอน,ไม่จัดตั้ง,ไม่เปิดสอน,ไม่จัดตั้ง
1054390100,ชุมชนบ้านบวกโป่ง(พรหมราษฎร์อุปถัมภ์),Chumchonbanbuagpong phommaratuppatam,เขตพื้นที่การศึกษา,อบต.,เขตตรวจราชการเขต 16,นางทัศนีย์ จันทร์ป้อม,08/09/2475,54020052,27,9,-,น้ำชำ,สูงเม่น,แพร่,54130,054-541499,,-,-,bp_school_pr@hotmail.com,https://sites.google.com/site/ccbpschool2/,ที่ราชพัสดุ,ไม่อยู่,18.0390264,100.0986005,พื้นราบ,อนุบาล 2,มัธยมศึกษาปีที่ 3,,,,,,,1,1,1,15,ประปาหมู่บ้าน,0,มีการเชื่อมต่ออินเทอร์เน็ตด้วย ADSL (Broadband),0,1,1,1,1,1,1,1,1,1,1,1,0,0,0,0,0,0,,,,,,,,,,,,,,,,1,20,1,13,1,20,25,13,12,2,2,18,18,0,0,0,0,0,0,0,0,0,0,0,0,0,0,10,10,1,1,1,1,1,1,1,0,100,15,3,0,0,0,0,0,0,0,0,0,2,16,2,2,3,2,ไม่จัด,แผ่นดินไหว,https://drive.google.com/file/d/1cJMdWaSsv3ExtzHCWDrZUI1H9LpW0WeV/view?usp=sharing,ขยายโอกาส,โรงเรียนหลัก,,กลุ่มโรงเรียนสูงเม่นบูรพา,228,11,1,1,14,,,,,,,,,,,,,,13,เปิดสอน,จัดตั้ง,ไม่เปิดสอน,ไม่จัดตั้ง
1054390066,วัดมงคลถาวร(มงคลวิทยาสรรค์),Watmongkhonthawon,เขตพื้นที่การศึกษา,อบต.,เขตตรวจราชการเขต 16,นายธงชัย เบ้าทอง,01/06/2481,,227,2,-,บ้านกวาง,สูงเม่น,แพร่,54130,991418507,,,,watmongkhonthawon@phrae2.go.th,,ที่ดินได้รับบริจาคหรือให้ใช้,ไม่อยู่,18.07322,100.1754717,พื้นราบ,อนุบาล 2,ประถมศึกษาปีที่ 6,,,,,,,1,1,0,0,ประปาโรงเรียน,0,มีการเชื่อมต่ออินเทอร์เน็ตด้วย ADSL (Broadband),0,1,1,1,1,1,1,1,1,0,0,0,0,0,0,0,0,0,,,,,,,,,,,,,,,,0,0,1,10,0,0,0,0,0,0,0,0,0,0,0,0,0,0,0,0,0,0,0,0,0,0,0,0,0,0,0,0,0,0,0,0,0,0,0,0,0,0,0,0,0,0,0,0,0,0,0,0,0,0,0,ใช้ DLTV,ไม่เกิดภัยธรรมชาติ,,ประถม,โรงเรียนหลัก,,กลุ่มโรงเรียนสูงเม่นบูรพา,73,8,1,-,8,,,,,,,,,,,,,,50,เปิดสอน,ไม่จัดตั้ง,ไม่เปิดสอน,ไม่จัดตั้ง
1054390079,บ้านกาศ(วัฒนาประชานุกูล),bankad(watanaprachanukun),เขตพื้นที่การศึกษา,อบต.,เขตตรวจราชการเขต 16,นายบุญมา ศรีระวัตร,29/04/2452,,231,2,-,บ้านกาศ,สูงเม่น,แพร่,54130,856246659,930356637,,,bankadsch2561@gmail.com,https://sites.google.com/site/bankadsch/,ที่ราชพัสดุ,ไม่อยู่,18.0930478,100.165893,พื้นราบ,อนุบาล 2,ประถมศึกษาปีที่ 6,,,,,,,1,1,0,0,บ่อน้ำบาดาล,0,มีการเชื่อมต่ออินเทอร์เน็ตด้วย 3G 4G 5G WiMAX|มีการเชื่อมต่ออินเทอร์เน็ตด้วย Fiber Optic,0,1,1,1,1,1,1,1,1,0,0,0,0,0,0,0,0,0,,,,,,,,,,,,,,,,0,0,0,0,0,0,18,4,14,2,1,16,12,0,0,0,0,0,0,0,0,0,0,0,0,0,0,2,2,0,0,0,0,0,0,0,0,15,15,3,0,0,0,0,0,0,0,0,0,2,14,2,3,3,3,ใช้ DLTV,ไม่เกิดภัยธรรมชาติ,,ประถม,โรงเรียนหลัก,,กลุ่มโรงเรียนสูงเม่นบูรพา,26,8,-,-,3,,,,,,,,,,,,,,47,เปิดสอน,จัดตั้ง,ไม่เปิดสอน,ไม่จัดตั้ง
1054390070,บ้านปงท่าข้าม(ปงประชานุกูล),banpongtakam (pongprachanukul),สปช.(เดิม),อบต.,เขตตรวจราชการเขต 16,นายธวัช พรมี,12/09/2467,54040263332,99,2,-,บ้านปง,สูงเม่น,แพร่,54130,54547139,-,54547139,-,pongtakam@gmail.com,-,ที่ราชพัสดุ,ไม่อยู่,18.06154824,100.0751104,พื้นราบ,อนุบาล 1,มัธยมศึกษาปีที่ 3,,,,,,,1,1,0,0,ประปาโรงเรียน,0,มีการเชื่อมต่ออินเทอร์เน็ตด้วย Fiber Optic,1,1,1,1,1,1,1,1,1,1,1,1,0,0,0,0,0,0,,,,,,,,,,,,,,,,1,25,1,20,1,25,19,11,8,0,0,19,19,1,0,0,0,0,0,0,36,36,0,2,0,34,0,19,19,3,3,3,1,1,19,1,0,30,30,3,0,0,0,0,0,0,0,0,0,5,36,5,3,3,3,ไม่จัด,ไม่เกิดภัยธรรมชาติ,,ขยายโอกาส,โรงเรียนหลัก,,กลุ่มโรงเรียนสูงเม่นพัฒนา,190,12,1,-,15,,,,,,,,,,,,,1,52,เปิดสอน,จัดตั้ง,ไม่เปิดสอน,ไม่จัดตั้ง
1054390071,บ้านปงหัวหาด(หัวหาดราษฎร์บำรุง),banpong hua had school,เขตพื้นที่การศึกษา,อบต.,เขตตรวจราชการเขต 16,นายธวัช พรมี,06/06/2481,54040263626,45/2,3,-,บ้านปง,สูงเม่น,แพร่,54130,,-,,-,banpongschool@gmail.com,-,ที่ราชพัสดุ,ไม่อยู่,18.04992739,100.0689727,พื้นราบ,อนุบาล 2,ประถมศึกษาปีที่ 6,,,,,,,1,1,12,12,ประปาหมู่บ้าน,0,มีการเชื่อมต่ออินเทอร์เน็ตด้วย Fiber Optic,0,1,1,1,1,1,1,1,1,0,0,0,0,0,0,0,0,0,,,,,,,,,,,,,,,,0,0,1,5,1,0,0,0,0,0,0,0,0,1,0,1,1,1,0,0,6,6,0,1,1,5,5,3,1,0,0,0,0,0,0,0,0,0,0,0,0,0,0,0,0,0,0,0,0,3,16,3,2,2,2,ใช้ DLTV,พายุ,https://drive.google.com/file/d/1YorEro3mZVvWCCB8PUSkmzqRZ34zLtCn/view?usp=sharing,ประถม,โรงเรียนหลัก,,กลุ่มโรงเรียนสูงเม่นพัฒนา,36,8,-,-,5,1,1,1,1,1,,,,,1,1,1,,48,เปิดสอน,ไม่จัดตั้ง,ไม่เปิดสอน,ไม่จัดตั้ง
1054390064,บ้านน้ำฮอก(รัฐราษฎร์วิทยา),ฺbannamhok,เขตพื้นที่การศึกษา,อบต.,เขตตรวจราชการเขต 16,นายอิทธิกร อินโองการ,01/05/2497,5404-025329-9,87,3,น้ำฮอก,บ้านเหล่า,สูงเม่น,แพร่,54130,,,,,bannumhok@gmail.com,https://sites.google.com/site/bannumhokschool/,ที่ราชพัสดุ,ไม่อยู่,18.0511978,100.1537018,พื้นราบ,อนุบาล 2,ประถมศึกษาปีที่ 6,,,,,,,1,1,0,0,ประปาหมู่บ้าน,0,มีการเชื่อมต่ออินเทอร์เน็ตด้วย ADSL (Broadband),0,1,1,1,0,1,1,1,1,0,0,0,0,0,0,0,0,0,,,,,,,,,,,,,,,,0,0,0,0,0,0,0,0,0,0,0,0,0,0,0,0,0,0,0,0,0,0,0,0,0,0,0,0,0,0,0,0,0,0,0,0,0,0,0,0,0,0,0,0,0,0,0,0,0,2,9,2,1,1,1,ใช้ DLTV,ไม่เกิดภัยธรรมชาติ,,ประถม,โรงเรียนหลัก,,กลุ่มโรงเรียนสูงเม่นบูรพา,19,7,-,-,3,,,,,,,,,,,,,,10,เปิดสอน,ไม่จัดตั้ง,ไม่เปิดสอน,ไม่จัดตั้ง
1054390062,บ้านเหล่า(พิชัยศิริราษฎร์รังสรรค์),banlaopichaisiriratchrungson,เขตพื้นที่การศึกษา,อบต.,เขตตรวจราชการเขต 16,นายอิทธิกร อินโองการ,30/09/2462,54040263782,6,7,-,บ้านเหล่า,สูงเม่น,แพร่,54130,54541772,0,0,0,Pichaisirischool@gmail.com,-,ที่ราชพัสดุ,ไม่อยู่,18.06811162,100.1432904,พื้นราบ,อนุบาล 2,ประถมศึกษาปีที่ 6,,,,,,,0,1,1,1,ประปาโรงเรียน,0,มีการเชื่อมต่ออินเทอร์เน็ตด้วย Fiber Optic,0,1,1,1,1,1,1,1,1,0,0,0,0,0,0,0,0,0,,,,,,,,,,,,,,,,0,0,1,5,0,0,0,0,0,0,0,0,0,0,0,0,0,0,0,0,0,0,0,0,0,0,0,0,0,0,0,0,0,0,0,0,0,0,0,0,0,0,0,0,0,0,0,0,0,0,0,0,0,0,0,ใช้ DLTV,ไม่เกิดภัยธรรมชาติ,,ประถม,โรงเรียนหลัก,,กลุ่มโรงเรียนสูงเม่นบูรพา,40,8,1,-,6,,,,,,,,,,,,,,54.6,เปิดสอน,ไม่จัดตั้ง,ไม่เปิดสอน,ไม่จัดตั้ง
1054390063,วัดสิทธิวิมล(สุวรรณราษฎร์ปัญญา),Watsittiwimol,เขตพื้นที่การศึกษา,อบต.,เขตตรวจราชการเขต 16,นางสาวมาลินี เรือนคำ,28/03/2465,5404-026306-5,299,1,-,บ้านเหล่า,สูงเม่น,แพร่,54130,54643572,,,,,Vudsitivimonschool,ที่ราชพัสดุ,ไม่อยู่,18.0776844,100.1598945,พื้นราบ,อนุบาล 2,ประถมศึกษาปีที่ 6,,,,,,,1,1,0,0,ประปาโรงเรียน,0,มีการเชื่อมต่ออินเทอร์เน็ตด้วย ADSL (Broadband),0,1,1,1,1,1,1,1,1,0,0,0,0,0,0,0,0,0,,1,,,การฉีดพ่นยาฆ่าแมลงของเกษตรกร,,1,,,,,,,,,0,0,1,5,0,0,0,0,0,0,0,0,0,0,0,0,0,0,0,0,0,0,0,0,0,0,0,0,0,0,0,0,0,0,0,0,0,0,0,0,0,0,0,0,0,0,0,0,0,1,11,1,3,3,3,ใช้ DLTV,ไม่เกิดภัยธรรมชาติ,,ประถม,โรงเรียนหลัก,,กลุ่มโรงเรียนสูงเม่นบูรพา,43,8,1,-,5,,,,,,,,,,,,,,5,เปิดสอน,จัดตั้ง,ไม่เปิดสอน,ไม่จัดตั้ง
1054390085,วัดพระหลวง(อภิชัยราษฎร์สงเคราะห์),watpraluang,เขตพื้นที่การศึกษา,อบต.,เขตตรวจราชการเขต 16,นายสง่า พุ่มพวง,25/11/2442,54040263596,176,5,-,พระหลวง,สูงเม่น,แพร่,54130,54541265,0,54541265,0,watphraluang@phrae2.go.th,0,ที่ราชพัสดุ,ไม่อยู่,18.062294,100.109666,พื้นราบ,อนุบาล 2,ประถมศึกษาปีที่ 6,,,,,,,1,1,10,4,ประปาหมู่บ้าน,0,มีการเชื่อมต่ออินเทอร์เน็ตด้วย Fiber Optic,0,1,1,1,1,1,1,1,1,0,0,0,0,0,0,0,0,0,,,,,,,,,,,,,,,,0,0,1,10,1,20,10,0,0,2,2,10,6,4,0,0,4,0,3,3,6,0,0,0,0,6,6,0,0,0,0,0,0,0,0,0,1,0,0,0,0,0,0,0,0,0,0,0,0,3,21,3,1,1,1,ใช้ DLTV,ไม่เกิดภัยธรรมชาติ,,ประถม,โรงเรียนหลัก,,กลุ่มโรงเรียนสูงเม่นพัฒนา,50,8,1,-,4,,,,,,,,,,,,,,49.1,เปิดสอน,จัดตั้ง,ไม่เปิดสอน,ไม่จัดตั้ง
1054390091,บ้านแม่สายดอนทัน(คำแวงประชาอุทิศ),Ban maesaidontun,เขตพื้นที่การศึกษา,อบต.,เขตตรวจราชการเขต 16,ว่าที่ร้อยตรี สุรพล ต่างใจ รักษาการในตำแหน่งผู้อำนวยการโรงเรียนบ้านแม่สายดอนทัน,05/06/2481,54040262867,206,10,-,ร่องกาศ,สูงเม่น,แพร่,54130,-,-,-,-,ms.school@hotmail.com,-,ที่ราชพัสดุ,ไม่อยู่,18.09509459,100.1274474,พื้นราบ,,,,,,,,,1,1,0,0,ประปาหมู่บ้าน,0,ไม่มีการเชื่อมต่ออินเทอร์เน็ต,0,0,0,0,0,0,0,0,0,0,0,0,0,0,0,0,0,0,,,,,,,,,,,,,,,,0,0,0,0,0,0,0,0,0,0,0,0,0,0,0,0,0,0,0,0,0,0,0,0,0,0,0,1,1,0,0,0,0,0,0,0,0,0,0,0,0,0,0,0,0,0,0,0,0,0,0,0,0,0,0,ไม่จัด,ไม่เกิดภัยธรรมชาติ,,ประถม,เรียนรวม,บ้านเวียงทอง(เวียงทองวิทยาคาร),กลุ่มโรงเรียนสูงเม่นพัฒนา,-,-,-,-,-,,,,,,,,,,,,,,44,,,,ไม่จัดตั้ง
1054390092,ชุมชนบ้านร่องกาศ(ศรีวิทยาคาร),Banrongkard,เขตพื้นที่การศึกษา,อบต.,เขตตรวจราชการเขต 16,ว่าที่ร้อยตรี สุรพล ต่างใจ รักษาการในตำแหน่งผู้อำนวยการโรงเรียนชุมชนบ้านร่องกาศ,04/05/2458,-,7,4,ยันตรกิจโกศล,ร่องกาศ,สูงเม่น,แพร่,54130,871831757,-,-,-,-,-,ที่ราชพัสดุ,ไม่อยู่,18.1038612,100.1353556,พื้นราบ,ประถมศึกษาปีที่ 1,ประถมศึกษาปีที่ 6,,,,,,,1,1,0,0,ประปาหมู่บ้าน,0,มีการเชื่อมต่ออินเทอร์เน็ตด้วย Fiber Optic,0,0,0,1,1,1,1,1,0,0,0,0,0,0,0,0,0,0,,,,,,,,,,,,,,,,0,0,0,0,0,0,0,0,0,0,0,0,0,0,0,0,0,0,0,0,0,0,0,0,0,0,0,0,0,0,0,0,0,0,0,0,0,0,0,0,0,0,0,0,0,0,0,0,0,0,0,0,0,0,0,ใช้ DLTV,ไม่เกิดภัยธรรมชาติ,,ประถม,เรียนรวม,บ้านเวียงทอง(เวียงทองวิทยาคาร),กลุ่มโรงเรียนสูงเม่นพัฒนา,10,5,-,-,-,,,,,,,,,,,,,,43.3,เปิดสอน,ไม่จัดตั้ง,ไม่เปิดสอน,ไม่จัดตั้ง
1054390080,วัดตอนิมิตร(สิทธิราษฎร์รังสรรค์),Vattonimit,เขตพื้นที่การศึกษา,อบต.,เขตตรวจราชการเขต 16,นายบุญมา ศรีระวัตร,05/06/2481,54040287801,333,8,-,ร่องกาศ,สูงเม่น,แพร่,54130,54650757,-,54650757,-,-,-,ที่ราชพัสดุ,ไม่อยู่,18.09849,100.15087,พื้นราบ,อนุบาล 2,ประถมศึกษาปีที่ 6,,,,,,,1,1,1,0,ประปาโรงเรียน,0,มีการเชื่อมต่ออินเทอร์เน็ตด้วย ADSL (Broadband),0,1,1,1,1,1,1,1,1,0,0,0,0,0,0,0,0,0,,,,,,,,,,,,,,,,0,0,1,5,1,0,7,1,5,2,0,5,4,3,0,0,3,2,0,0,6,6,0,0,0,6,6,5,5,0,0,0,0,0,0,0,0,0,0,0,0,0,0,0,0,0,0,0,0,1,18,1,0,0,0,ใช้ DLTV,ไม่เกิดภัยธรรมชาติ,,ประถม,โรงเรียนหลัก,,กลุ่มโรงเรียนสูงเม่นบูรพา,24,8,1,-,3,,,,,,,,,,,,,,40,เปิดสอน,ไม่จัดตั้ง,ไม่เปิดสอน,ไม่จัดตั้ง
1054390074,บ้านเวียงทอง(เวียงทองวิทยาคาร),Banwiangthong School,เขตพื้นที่การศึกษา,อบต.,เขตตรวจราชการเขต 16,ว่าที่ร้อยตรี สุรพล ต่างใจ,19/05/2463,5404026318,8/1,3,-,เวียงทอง,สูงเม่น,แพร่,54000,0,0,0,0,wiangthong2020school@gmail.com,,ที่ดินได้รับบริจาคหรือให้ใช้,ไม่อยู่,18.113733,100.125456,พื้นราบ,ประถมศึกษาปีที่ 1,ประถมศึกษาปีที่ 6,,,,,,,1,1,0,0,ประปาหมู่บ้าน,0,มีการเชื่อมต่ออินเทอร์เน็ตด้วย Fiber Optic,0,0,0,1,1,1,1,1,1,0,0,0,0,0,0,0,0,0,,,,,,,,,,,,,,,,0,0,0,0,0,0,0,0,0,0,0,0,0,0,0,0,0,0,0,0,0,0,0,0,0,0,0,0,0,1,0,0,0,0,0,0,0,0,0,0,0,0,0,0,0,0,0,0,0,2,24,2,2,2,2,ใช้ DLTV,ไม่เกิดภัยธรรมชาติ,,ประถม,โรงเรียนหลัก,,กลุ่มโรงเรียนสูงเม่นพัฒนา,42,6,1,-,6,,,,,,,,,,,,,,42.4,เปิดสอน,ไม่จัดตั้ง,ไม่เปิดสอน,ไม่จัดตั้ง
1054390089,บ้านวังวน(ราษฎร์พิทยา),Ban Wangwon,เขตพื้นที่การศึกษา,อบต.,เขตตรวจราชการเขต 16,นายศิวกร สุริยะ,27/03/2483,54040262891,108,3,-,สบสาย,สูงเม่น,แพร่,54130,-,-,-,-,ww.school@hotmail.com,http://www.thaischool.in.th/54102170/,ที่ราชพัสดุ,ไม่อยู่,18.08560031,100.0947292,พื้นราบ,อนุบาล 2,ประถมศึกษาปีที่ 6,,,,,,,1,1,2,2,ประปาหมู่บ้าน,0,มีการเชื่อมต่ออินเทอร์เน็ตด้วย ADSL (Broadband)|มีการเชื่อมต่ออินเทอร์เน็ตด้วยวงจรเช่า Leased Line,0,1,1,1,1,1,1,1,1,0,0,0,0,0,0,0,0,0,1,,,,,,,,,,,,,,,0,0,1,5,0,0,0,0,0,0,0,0,0,0,0,0,0,0,0,0,0,0,0,0,0,0,0,0,2,1,0,2,0,0,1,0,0,0,0,0,0,0,0,0,0,0,0,0,0,2,9,2,1,1,1,ใช้ DLTV,ไม่เกิดภัยธรรมชาติ,,ประถม,โรงเรียนหลัก,,กลุ่มโรงเรียนสูงเม่นพัฒนา,37,8,1,-,5,,,,,,,,,,,,,,20,เปิดสอน,ไม่จัดตั้ง,ไม่เปิดสอน,ไม่จัดตั้ง
1054390088,บ้านสบสาย(จันทรพัฒน์ประชาสรรค์),Bansopsai,เขตพื้นที่การศึกษา,อบต.,เขตตรวจราชการเขต 16,นายสง่า พุ่มพวง รักษาการในตำแหน่งผู้อำนวยการโรงเรียนบ้านสบสาย,11/05/2472,54040263154,186,1,-,สบสาย,สูงเม่น,แพร่,54130,54520772,-,-,-,ss.school@hotmail.com,-,ที่ราชพัสดุ,ไม่อยู่,18.083766,100.108519,พื้นราบ,อนุบาล 2,ประถมศึกษาปีที่ 6,,,,,,,1,1,2,4,ประปาหมู่บ้าน,0,มีการเชื่อมต่ออินเทอร์เน็ตด้วย ADSL (Broadband)|มีการเชื่อมต่ออินเทอร์เน็ตด้วยวงจรเช่า Leased Line,0,1,1,1,1,1,1,1,1,0,0,0,0,0,0,0,0,0,,,,,,,,,,,,,,,,0,0,1,8,0,0,0,0,0,0,0,0,0,0,0,0,0,0,0,0,0,0,0,0,0,0,0,0,0,0,0,2,0,0,2,0,0,0,0,0,0,0,0,0,0,0,0,0,0,2,18,2,0,0,0,ใช้ DLTV,น้ำท่วม,https://drive.google.com/file/d/1rDmo7RuVs06uNnF0jSDnfa-vTXlBaJ03/view?usp=sharing,ประถม,โรงเรียนหลัก,,กลุ่มโรงเรียนสูงเม่นพัฒนา,27,8,-,-,3,,,,,,,,,,,,,,48,เปิดสอน,ไม่จัดตั้ง,ไม่เปิดสอน,ไม่จัดตั้ง
1054390067,สูงเม่นวิทยาคาร,Sungmenwitthayakhan,สปช.(เดิม),เทศบาลตำบล,เขตตรวจราชการเขต 16,นายวีระเชษฐ์ ปัญจอริยะกุล,20/09/2462,54920000111,88/9,3,-,สูงเม่น,สูงเม่น,แพร่,54130,054-541230,0,054-541230,0,sungmenwitthayakhan@phrae2.go.th,0,ที่ราชพัสดุ,ไม่อยู่,18.053051,100.112511,พื้นราบ,อนุบาล 2,ประถมศึกษาปีที่ 6,,,,,,,1,1,1,8,ประปาส่วนภูมิภาค,0,มีการเชื่อมต่ออินเทอร์เน็ตด้วย Fiber Optic,0,1,1,1,1,1,1,1,1,0,0,0,0,0,0,0,0,0,,,,1,ใกล้ตลาดสด,,,,1,ใกล้ตลาดสด,,,,,,0,0,1,10,1,30,10,3,7,0,0,8,8,2,2,0,1,1,1,1,0,0,0,0,0,0,0,0,0,0,0,0,0,0,0,0,0,0,15,3,0,0,0,0,0,0,0,0,0,2,20,2,2,2,2,ไม่จัด,ไม่เกิดภัยธรรมชาติ,,ประถม,โรงเรียนหลัก,,กลุ่มโรงเรียนสูงเม่นพัฒนา,93,8,1,-,10,,,,,,,,,,,,,,52,เปิดสอน,จัดตั้ง,ไม่เปิดสอน,ไม่จัดตั้ง
1054390068,วัดสร่างโศก,watsangsok,สปช.(เดิม),เทศบาลตำบล,เขตตรวจราชการเขต 16,นางสาวอัญชลีภรณ์ กันฉิ่ง,01/10/2475,5404-026377-4,272/1,6,-,สูงเม่น,สูงเม่น,แพร่,54130,054-547169,-,-,-,Watsangsok@hotmail.com,-,ที่ราชพัสดุ,ไม่อยู่,18.06078562,100.0972333,พื้นราบ,อนุบาล 2,ประถมศึกษาปีที่ 6,,,,,,,1,1,5,5,ประปาหมู่บ้าน,0,มีการเชื่อมต่ออินเทอร์เน็ตด้วย Fiber Optic,0,1,1,1,1,1,1,1,1,0,0,0,0,0,0,0,0,0,,,,,,,,,,,,,,,,0,0,0,0,0,0,0,0,0,0,0,0,0,0,0,0,0,0,0,0,0,0,0,0,0,0,0,0,0,0,0,0,0,0,0,0,0,0,0,0,0,0,0,0,0,0,0,0,0,0,0,0,0,0,0,ใช้ DLTV,ไม่เกิดภัยธรรมชาติ,,ประถม,โรงเรียนหลัก,,กลุ่มโรงเรียนสูงเม่นพัฒนา,68,8,1,-,5,,,,,,,,,,,,,,5,เปิดสอน,จัดตั้ง,ไม่เปิดสอน,ไม่จัดตั้ง
1054390069,วัดโชคเกษม(เกษมราษฎร์บำรุง),Watchokasaimschool,สปช.(เดิม),อบต.,เขตตรวจราชการเขต 11,นางธนพร แมตสิบสอง,10/02/2520,5404,272,5,-,สูงเม่น,สูงเม่น,แพร่,54130,54547221,-,-,-,Watchokkasam@gmail.com,http://school.obec.go.th/Chokkasem,ที่ดินได้รับบริจาคหรือให้ใช้,ไม่อยู่,18.058613,100.0917213,พื้นราบ,อนุบาล 1,ประถมศึกษาปีที่ 6,,,,,,,1,1,8,8,ประปาจากหน่วยงานอื่น,0,มีการเชื่อมต่ออินเทอร์เน็ตด้วย Fiber Optic,1,1,1,1,1,1,1,1,1,0,0,0,0,0,0,0,0,0,,,,,,,,,,,,,,,,0,0,1,10,0,0,8,0,8,8,8,8,8,1,1,0,1,1,0,0,0,0,0,0,0,4,0,9,9,9,9,9,9,0,9,9,0,15,15,2,0,0,0,0,0,0,0,0,0,1,9,1,2,3,2,ใช้ DLTV,ไม่เกิดภัยธรรมชาติ,,ประถม,โรงเรียนหลัก,,กลุ่มโรงเรียนสูงเม่นพัฒนา,45,9,1,-,4,,,,,,,,,,,,,1,10,เปิดสอน,ไม่จัดตั้ง,ไม่เปิดสอน,ไม่จัดตั้ง
1054390072,บ้านดอนชัย(กันทราษฎร์วิทยาคาร),Bandonchai,เขตพื้นที่การศึกษา,อบต.,เขตตรวจราชการเขต 16,นายณัฐพงษ์ เหล็กทั่ง,15/05/2475,54040263227,311/1,7,-,หัวฝาย,สูงเม่น,แพร่,54130,54631975,-,-,-,donchai311_7@hotmail.co.th,,ที่ราชพัสดุ,ไม่อยู่,18.038127,100.118827,พื้นราบ,อนุบาล 2,ประถมศึกษาปีที่ 6,,,,,,,1,1,4,4,ประปาโรงเรียน,0,มีการเชื่อมต่ออินเทอร์เน็ตด้วย ADSL (Broadband),0,1,1,1,1,1,1,1,1,0,0,0,0,0,0,0,0,0,,,,,,,1,,,,,,,,,0,0,1,5,1,13,0,0,0,0,0,0,0,0,0,0,0,0,0,0,0,0,0,0,0,0,0,3,2,0,0,0,0,0,0,0,0,0,0,0,0,0,0,0,0,0,0,0,0,2,13,2,1,1,1,ใช้ DLTV,ไม่เกิดภัยธรรมชาติ,,ประถม,โรงเรียนหลัก,,กลุ่มโรงเรียนสูงเม่นบูรพา,65,8,1,-,7,,,,,,,,,,,,,,52,เปิดสอน,ไม่จัดตั้ง,ไม่เปิดสอน,ไม่จัดตั้ง
1054390073,ช่องลมจันทิมาประชาพิทักษ์,Chonglomjanthimapachapitak School,สปช.(เดิม),อบต.,เขตตรวจราชการเขต 16,นายธนวัทร เพลินหัด,17/07/2478,54040263715,143/5,8,-,หัวฝาย,สูงเม่น,แพร่,54130,936567615,0,0,0,chonglomschool63@gmail.com,https://sites.google.com/view/chonglomschool/%E0%B8%AB%E0%B8%99%E0%B8%B2%E0%B9%81%E0%B8%A3%E0%B8%81,ที่ดินได้รับบริจาคหรือให้ใช้,ไม่มีกิจกรรมการสอนพุทธศาสนาในวันหยุดให้นักเรียน,18.0416511,100.121838,พื้นราบ,อนุบาล 2,ประถมศึกษาปีที่ 6,,,,,,,1,1,0,2,ประปาโรงเรียน,0,มีการเชื่อมต่ออินเทอร์เน็ตด้วย ADSL (Broadband)|มีการเชื่อมต่ออินเทอร์เน็ตด้วย Fiber Optic,0,1,1,1,1,1,1,1,1,0,0,0,0,0,0,0,0,0,1,,,,,,,,,,,,,,,0,0,1,5,0,0,0,0,0,0,0,0,0,0,0,0,0,0,0,0,0,0,0,0,0,0,0,1,1,1,0,0,0,0,1,0,0,0,0,0,0,0,0,0,0,0,0,0,0,3,19,2,2,0,2,ใช้ DLTV,ไม่เกิดภัยธรรมชาติ,,ประถม,โรงเรียนหลัก,,กลุ่มโรงเรียนสูงเม่นบูรพา,60,8,1,-,6,,,,,,,,,,,,,,52,เปิดสอน,ไม่จัดตั้ง,ไม่เปิดสอน,ไม่จัดตั้ง
1054390094,วัดศรีดอก(ประชาพัฒนา),Watsridok,สปช.(เดิม),อบต.,เขตตรวจราชการเขต 16,นางนิษฐ์ชกานต์ ดวงแก้ว,30/11/2481,54040325338,5,3,-,หัวฝาย,สูงเม่น,แพร่,54130,54660678,-,-,-,sridok.school@gmail.com,https://www.watsridok.ac.th/,ที่ธรณีสงฆ์,ไม่มีกิจกรรมการสอนพุทธศาสนาในวันหยุดให้นักเรียน,18.032138,100.1198097,พื้นราบ,อนุบาล 2,มัธยมศึกษาปีที่ 3,,,,,,,1,1,4,10,ประปาหมู่บ้าน,0,มีการเชื่อมต่ออินเทอร์เน็ตด้วย Fiber Optic,0,1,1,1,1,1,1,1,1,1,1,1,0,0,0,0,0,0,,,,,,,,,,,,,,,,0,0,1,20,1,30,24,24,0,4,4,10,10,0,0,0,0,0,0,0,0,0,0,0,0,0,0,1,1,1,0,1,0,0,1,1,0,0,0,0,0,0,0,0,0,0,0,0,0,4,25,4,8,8,8,ไม่จัด,ไม่เกิดภัยธรรมชาติ,,ขยายโอกาส,โรงเรียนหลัก,,กลุ่มโรงเรียนสูงเม่นบูรพา,143,11,1,1,14,,,,,,,,,,,,,,49.8,เปิดสอน,จัดตั้ง,ไม่เปิดสอน,ไม่จัดตั้ง
1054390284,เด่นทัพชัย,Dentupchaischool,เขตพื้นที่การศึกษา,เทศบาลตำบล,เขตตรวจราชการเขต 16,นายปิยะกร ทุมวงษ์,03/02/2515,-,บ้านปากจั๊วะ,8,-,เด่นชัย,เด่นชัย,แพร่,54110,54613617,-,-,-,dentupchaischool@gmail.com,-,ที่ดินได้รับบริจาคหรือให้ใช้,ไม่อยู่,17.97332768,100.0576157,พื้นราบ,อนุบาล 2,ประถมศึกษาปีที่ 6,,,,,,,0,1,1,8,ประปาหมู่บ้าน,0,มีการเชื่อมต่ออินเทอร์เน็ตด้วย ADSL (Broadband),0,1,0,1,1,1,1,1,1,0,0,0,0,0,0,0,0,0,1,,,,,1,,,,,,,,,,0,0,1,5,0,0,7,7,0,2,2,5,5,2,2,0,2,1,0,0,10,10,0,0,0,0,0,5,5,0,0,1,1,0,1,0,4,0,15,1,0,0,0,0,0,0,0,0,0,2,9,2,2,1,2,ใช้ DLTV,ไม่เกิดภัยธรรมชาติ,,ประถม,โรงเรียนหลัก,,กลุ่มโรงเรียนเด่นชัยล้านนา,45,7,1,-,4,,,1,1,,,,,,,,,,20,เปิดสอน,จัดตั้ง,ไม่เปิดสอน,ไม่จัดตั้ง
1054390285,เด่นไชยประชานุกูล,DENCHAIPRACHANUKUL,เขตพื้นที่การศึกษา,เทศบาลตำบล,เขตตรวจราชการเขต 16,นายโรมเพ็ชร เสาร์แดน,28/12/2467,5405-012649-4,265/7,1,-,เด่นชัย,เด่นชัย,แพร่,54110,54613084,,54613084,,,,ที่ราชพัสดุ,ไม่อยู่,17.9846355,100.0510143,พื้นราบ,อนุบาล 2,ประถมศึกษาปีที่ 6,,,,,,,1,1,0,1,ประปาส่วนภูมิภาค,0,มีการเชื่อมต่ออินเทอร์เน็ตด้วย ADSL (Broadband),0,1,1,3,3,3,3,3,3,0,0,0,0,0,0,0,0,0,,,,,,,,,,,,,,,,0,0,1,20,0,0,34,26,3,7,7,56,56,1,1,0,1,1,0,0,56,56,0,0,0,56,56,23,23,0,0,0,0,0,0,0,0,0,0,0,0,0,0,0,0,0,0,0,0,5,34,5,1,0,1,ไม่จัด,ไม่เกิดภัยธรรมชาติ,,ประถม,โรงเรียนหลัก,,กลุ่มโรงเรียนเด่นชัยล้านนา,446,20,1,1,22,,,,,,,,,,,,,,40,เปิดสอน,จัดตั้ง,เปิดสอน,ไม่จัดตั้ง
1054390288,บ้านน้ำโค้ง(นนทราษฎร์รัฐบำรุง),namkong school,เขตพื้นที่การศึกษา,อบต.,เขตตรวจราชการเขต 16,นายระพิน บุญเป็ง,01/05/2482,54050159767,139,4,-,เด่นชัย,เด่นชัย,แพร่,54110,54640771,-,-,-,namkonk01@gmail.com,-,ที่ราชพัสดุ,ไม่อยู่,17.99952719,100.0223709,พื้นราบ,,,,,,,,,1,1,1,7,ประปาหมู่บ้าน,0,มีการเชื่อมต่ออินเทอร์เน็ตด้วย Fiber Optic,0,0,0,0,0,0,0,0,0,0,0,0,0,0,0,0,0,0,,,,,,,,,,,,,,,,0,0,1,10,0,0,16,6,10,6,6,10,10,2,2,0,2,2,0,0,11,11,0,1,1,10,10,5,5,0,2,2,2,2,0,0,5,220,15,1,0,0,0,0,0,0,0,0,0,3,14,3,2,2,2,ไม่จัด,ไม่เกิดภัยธรรมชาติ,,ประถม,เรียนรวม,บ้านปากปาน(สีมารัตน์วิทยานุสรณ์),กลุ่มโรงเรียนเด่นชัยล้านนา,-,-,-,-,-,,,,,,,,,,,,,,36,,,,ไม่จัดตั้ง
1054390278,บ้านบ่อแก้ว,banbokaew,เขตพื้นที่การศึกษา,อบต.,เขตตรวจราชการเขต 16,นางสาววรางค์ภัทร ต้นศิริ,17/09/2486,54050156342,76,10,-,ไทรย้อย,เด่นชัย,แพร่,54110,642261694,-,-,-,bkschool76@gmail.com,sites/google.site.banbokaewsch/,ที่ราชพัสดุ,ไม่อยู่,17.91785898,99.89494436,พื้นราบ,อนุบาล 2,มัธยมศึกษาปีที่ 3,,,,,,,1,1,20,0,บ่อน้ำบาดาล,0,มีการเชื่อมต่ออินเทอร์เน็ตด้วยวงจรเช่า Leased Line,0,1,1,1,1,1,1,1,1,1,1,1,0,0,0,0,0,0,,,,,,,,,,,,,,,,1,20,1,20,1,20,11,10,1,0,0,11,10,0,0,0,0,0,0,0,0,0,0,0,0,0,0,14,2,1,0,0,0,0,0,0,0,30,15,3,0,0,0,0,0,0,0,0,0,5,22,5,0,0,0,ไม่จัด,ไม่เกิดภัยธรรมชาติ,1,ขยายโอกาส,โรงเรียนหลัก,,กลุ่มโรงเรียนเด่นชัยล้านนา,199,11,1,-,14,,,1,1,1,,,,,,,,,33.3,เปิดสอน,จัดตั้ง,ไม่เปิดสอน,ไม่จัดตั้ง
1054390280,บ้านปางเคาะ,BANPANGKHO,เขตพื้นที่การศึกษา,อบต.,เขตตรวจราชการเขต 11,นายอรรถพงศ์ ใจดี,07/07/2504,-,-,3,ศรีสัชนาลัย,ไทรย้อย,เด่นชัย,แพร่,54110,054-556780,820048133,-,-,pangkho.phrae2@gmail.com,-,ป่าสงวน,ไม่อยู่,17.95041018,99.96348317,พื้นราบ,ประถมศึกษาปีที่ 1,ประถมศึกษาปีที่ 6,,,,,,,1,1,1,3,ประปาหมู่บ้าน,0,มีการเชื่อมต่ออินเทอร์เน็ตด้วย ADSL (Broadband),0,0,0,1,1,1,1,1,1,0,0,0,0,0,0,0,0,0,,,,,,,,,,,,,,,,0,0,1,4,0,0,8,4,4,4,4,4,4,0,0,0,0,0,0,0,5,5,0,0,0,5,5,0,0,0,0,0,0,0,0,0,0,0,15,1,0,0,0,0,0,0,0,0,0,2,8,2,2,2,2,ใช้ DLTV,ไม่เกิดภัยธรรมชาติ,,ประถม,โรงเรียนหลัก,,กลุ่มโรงเรียนเด่นชัยล้านนา,22,6,-,-,2,,,,,,,,,,,,,,30,เปิดสอน,จัดตั้ง,ไม่เปิดสอน,ไม่จัดตั้ง
1054390282,บ้านปากปาน(สีมารัตน์วิทยานุสรณ์),BANPAKPAN,เขตพื้นที่การศึกษา,อบต.,เขตตรวจราชการเขต 16,นายระพิน บุญเป็ง,08/06/2481,-,-,1,-,ไทรย้อย,เด่นชัย,แพร่,54110,815865984,-,-,-,pakpanban@gmail.com,-,ที่ราชพัสดุ,ไม่อยู่,17.987094,100.001139,พื้นราบ,ประถมศึกษาปีที่ 1,ประถมศึกษาปีที่ 6,,,,,,,1,1,0,0,บ่อน้ำบาดาล,0,มีการเชื่อมต่ออินเทอร์เน็ตด้วย Fiber Optic,0,0,0,1,1,1,1,1,1,0,0,0,0,0,0,0,0,0,,,,,,,,,,,,,,,,0,0,1,6,0,0,6,4,2,0,0,6,2,2,1,1,2,2,0,0,0,0,0,0,0,0,0,3,3,3,0,0,0,0,0,0,0,15,15,1,0,0,0,0,0,0,0,0,0,0,0,0,0,0,0,ใช้ DLTV,พายุ,https://drive.google.com/file/d/1IWs5HqtH1hL9pVCdX0OEQ730aZhprYsU/view?usp=sharing,ประถม,โรงเรียนหลัก,,กลุ่มโรงเรียนเด่นชัยล้านนา,33,6,1,-,2,,,,,,,,,,,,,,36,เปิดสอน,จัดตั้ง,ไม่เปิดสอน,ไม่จัดตั้ง
1054390287,ชุมชนบ้านปงป่าหวาย,Banpongpwai Community School,เขตพื้นที่การศึกษา,เทศบาลตำบล,เขตตรวจราชการเขต 16,นายภานุพงศ์ กาศทิพย์,07/09/2478,-,262,5,-,ปงป่าหวาย,เด่นชัย,แพร่,54110,54640051,-,-,-,pwschool@pongpawai.ac.th,www.pongpawai.ac.th,ที่สาธารณะประโยชน์,ไม่อยู่,18.01497055,100.0524291,พื้นราบ,อนุบาล 2,มัธยมศึกษาปีที่ 3,,,,,,,1,1,0,40,ประปาหมู่บ้าน,1,มีการเชื่อมต่ออินเทอร์เน็ตด้วย Fiber Optic,0,1,1,1,1,1,1,1,1,1,1,1,0,0,0,0,0,0,,,,,,,,,,,,,,,,0,0,1,20,1,20,37,10,27,9,9,10,10,27,11,16,11,8,16,16,0,0,0,0,0,0,0,0,2,0,0,0,0,0,0,1,0,15,15,3,0,0,0,0,0,0,0,0,0,4,28,4,0,0,0,ไม่จัด,ไม่เกิดภัยธรรมชาติ,,ขยายโอกาส,โรงเรียนหลัก,,กลุ่มโรงเรียนเด่นชัยล้านนา,115,11,1,-,14,,,,,,,,,,,,,,44,เปิดสอน,จัดตั้ง,ไม่เปิดสอน,ไม่จัดตั้ง
1054390290,บ้านแม่ยุ้น (ประชารัฐรังสฤษฏ์),Ban Maeyoun,เขตพื้นที่การศึกษา,เทศบาลตำบล,เขตตรวจราชการเขต 16,นายภานุพงศ์ กาศทิพย์,04/04/2476,,0,9,-,ปงป่าหวาย,เด่นชัย,แพร่,54110,871831757,634493653,,,maeyoun@hotmail.com,-,ที่ดินได้รับบริจาคหรือให้ใช้,วัดจัดกิจกรรมการสอนพุทธศาสนาในวันหยุดให้นักเรียน,18.0234719,100.0310333,พื้นราบ,,,54020093,390287,ชุมชนบ้านปงป่าหวาย,54020093,390287,ชุมชนบ้านปงป่าหวาย,1,1,1,0,ประปาหมู่บ้าน,0,ไม่มีการเชื่อมต่ออินเทอร์เน็ต,0,0,0,0,0,0,0,0,0,0,0,0,0,0,0,0,0,0,,,,,,,,,,,,,,,,0,0,0,0,0,0,0,0,0,0,0,0,0,1,1,1,1,1,1,1,0,0,0,0,0,0,0,0,0,0,0,0,0,0,0,0,0,0,0,0,0,0,0,0,0,0,0,0,0,0,0,0,0,0,0,ไม่จัด,ไม่เกิดภัยธรรมชาติ,,ประถม,เรียนรวม,ชุมชนบ้านปงป่าหวาย,กลุ่มโรงเรียนเด่นชัยล้านนา,-,-,-,-,-,,,,,,,,,,,,,,53,,,,ไม่จัดตั้ง
1054390291,บ้านสวนหลวง (สวนหลวงวิทยายน),Bansuanluang (Suanluang Wittayayon),เขตพื้นที่การศึกษา,เทศบาลตำบล,เขตตรวจราชการเขต 16,นายพรเทพ พลอยสี,06/07/2479,54050157764,112,2,-,ปงป่าหวาย,เด่นชัย,แพร่,54110,54661244,,,,,,ที่ราชพัสดุ,ไม่อยู่,18.00737863,100.0322482,พื้นราบ,อนุบาล 2,ประถมศึกษาปีที่ 6,,,,,,,1,1,13,0,ประปาส่วนภูมิภาค,0,มีการเชื่อมต่ออินเทอร์เน็ตด้วย ADSL (Broadband),0,1,1,1,1,1,1,1,1,0,0,0,0,0,0,0,0,0,,,,,,,,,,,,,,,,0,0,1,10,0,0,13,13,0,0,0,13,12,0,0,0,0,0,0,0,0,0,0,0,0,0,0,0,0,0,0,0,0,0,0,0,0,0,0,0,0,0,0,0,0,0,0,0,0,3,11,3,2,4,2,ใช้ DLTV,ไม่เกิดภัยธรรมชาติ,,ขยายโอกาส,โรงเรียนหลัก,,กลุ่มโรงเรียนเด่นชัยล้านนา,40,8,1,-,4,,,,,,,,,,,,,,43,เปิดสอน,จัดตั้ง,ไม่เปิดสอน,ไม่จัดตั้ง
1054390272,บ้านแม่จั๊วะ(ประชาราษฎร์รังสรรค์ ),BANMAECHUA,สปช.(เดิม),เทศบาลตำบล,เขตตรวจราชการเขต 16,นายศุภณัฐ วงศ์สกุล,22/11/2442,54900014036,502,9,ถนนยันตรกิจโกศล,แม่จั๊วะ,เด่นชัย,แพร่,54110,54613616,-,54613616,-,maechuaschool2012@gmail.com,http://mjs.phraemambo.com/ http://school.obec.go.th/maechua,ที่ดินได้รับบริจาคหรือให้ใช้,ไม่อยู่,17.9832891,100.0917911,พื้นราบ,อนุบาล 2,มัธยมศึกษาปีที่ 3,,,,,,,1,1,30,30,ประปาส่วนภูมิภาค,0,มีการเชื่อมต่ออินเทอร์เน็ตด้วย ADSL (Broadband)|มีการเชื่อมต่ออินเทอร์เน็ตด้วยจานดาวเทียม,0,1,1,1,1,1,1,1,1,1,1,1,0,0,0,0,0,0,,,,,-,,,,,-,,,,,-,1,20,2,20,1,20,0,0,0,0,0,0,0,0,0,0,0,0,0,0,0,0,0,0,0,0,0,16,16,1,5,5,1,1,1,1,0,0,0,0,0,0,0,0,0,0,0,0,0,5,30,5,3,3,0,ไม่จัด,ไม่เกิดภัยธรรมชาติ,,ขยายโอกาส,โรงเรียนหลัก,,กลุ่มโรงเรียนเด่นชัยล้านนา,115,11,1,-,15,,,,,,,,,,,,,,60,เปิดสอน,จัดตั้ง,ไม่เปิดสอน,ไม่จัดตั้ง
1054390274,บ้านห้วยไร่ (รัฐราษฎร์อนุกูล),Ban Huai Rai School,เขตพื้นที่การศึกษา,อบต.,เขตตรวจราชการเขต 16,นางกรองกาญจน์ ชัยวุฒิ,26/11/2482,,1,2,-,ห้วยไร่,เด่นชัย,แพร่,54110,54060067,,,,banhuairai64@gmail.com,http://www.banhuairai.ac.th/,ที่ราชพัสดุ,ไม่อยู่,17.886379,100.041607,พื้นราบ,อนุบาล 2,มัธยมศึกษาปีที่ 3,,,,,,,1,1,0,0,ประปาหมู่บ้าน,0,มีการเชื่อมต่ออินเทอร์เน็ตด้วย ADSL (Broadband)|มีการเชื่อมต่ออินเทอร์เน็ตด้วย Fiber Optic,0,1,1,1,1,1,1,1,1,1,1,1,0,0,0,0,0,0,,,,1,มีสถานีรถไฟตั้งอยู่ตรงข้ามโีรงเรียน,,,,,,,,,,น้ำท่วม,1,15,1,10,1,10,0,0,0,0,0,0,0,0,0,0,0,0,0,0,0,0,0,0,0,0,0,16,0,1,0,2,0,0,1,0,0,0,0,0,0,0,0,0,0,0,0,0,0,4,30,4,2,2,2,ไม่จัด,น้ำท่วม,https://drive.google.com/file/d/1_NpC2GE39TAl5sfkm9Ig0VXlFDFYtkZi/view?usp=sharing,ขยายโอกาส,โรงเรียนหลัก,,กลุ่มโรงเรียนเด่นชัยล้านนา,134,11,1,-,14,,,1,1,,,,,,,,,,52,เปิดสอน,จัดตั้ง,ไม่เปิดสอน,ไม่จัดตั้ง
1054390275,บ้านห้วยลากปืน,Huailakpuen,เขตพื้นที่การศึกษา,อบต.,เขตตรวจราชการเขต 16,นางกรองกาญจน์ ชัยวุฒิ,20/11/2442,-,-,10,-,ห้วยไร่,เด่นชัย,แพร่,54110,611562996,-,-,-,ิbanhuaiakpuenp2@gotmail.com,-,ที่ราชพัสดุ,ไม่อยู่,17.8818106,100.0724923,พื้นราบ,อนุบาล 2,ประถมศึกษาปีที่ 6,,,,,,,1,1,0,0,ประปาโรงเรียน,0,มีการเชื่อมต่ออินเทอร์เน็ตด้วย Fiber Optic,0,1,1,1,1,1,1,0,1,0,0,0,0,0,0,0,0,0,,,,,,,,,,,,,,,,0,0,1,3,0,0,0,0,0,0,0,0,0,0,0,0,0,0,0,0,0,0,0,0,0,0,0,4,4,0,0,0,0,1,0,0,0,0,0,0,0,0,0,0,0,0,0,0,0,3,7,3,2,2,2,ใช้ DLTV,ไม่เกิดภัยธรรมชาติ,,ประถม,โรงเรียนหลัก,,กลุ่มโรงเรียนเด่นชัยล้านนา,24,7,-,-,2,,,1,1,1,,,,,,,,,54.8,เปิดสอน,ไม่จัดตั้ง,ไม่เปิดสอน,ไม่จัดตั้ง
1054390276,บ้านน้ำแรม (รัฐราษฎร์อนุเคราะห์),Ban namraem school,เขตพื้นที่การศึกษา,อบต.,เขตตรวจราชการเขต 16,นายณัฐพงศ์ ถิ่นจันทร์,22/11/2442,-,39,9,-,ห้วยไร่,เด่นชัย,แพร่,54110,-,-,-,-,namramp2@gmail.com,-,ที่ราชพัสดุ,ไม่อยู่,17.91708375,100.064598,พื้นราบ,อนุบาล 2,ประถมศึกษาปีที่ 6,,,,,,,1,1,0,10,ประปาโรงเรียน,0,มีการเชื่อมต่ออินเทอร์เน็ตด้วย Fiber Optic,0,1,1,1,1,1,1,1,1,0,0,0,0,0,0,0,0,0,,,,,,,,,,,,,,,,0,0,1,10,1,20,0,0,0,0,0,0,0,0,0,0,0,0,0,0,0,0,0,0,0,0,0,1,1,0,0,0,0,1,0,0,0,0,0,0,0,0,0,0,0,0,0,0,0,3,19,3,4,4,4,ไม่จัด,ไม่เกิดภัยธรรมชาติ,,ขยายโอกาส,โรงเรียนหลัก,,กลุ่มโรงเรียนเด่นชัยล้านนา,47,8,1,-,6,,,1,1,,,,,,,,,,46,เปิดสอน,จัดตั้ง,ไม่เปิดสอน,ไม่จัดตั้ง
1054390254,บ้านแม่แปง,MAEPANG,เขตพื้นที่การศึกษา,อบต.,เขตตรวจราชการเขต 16,นายประยูร อนันต๊ะ,02/11/2482,-,201,1,-,นาพูน,วังชิ้น,แพร่,54160,54550062,-,-,-,banmaepangschool@gmail.com,-,ที่ราชพัสดุ,ไม่อยู่,17.85942785,99.68694136,พื้นราบ,อนุบาล 2,มัธยมศึกษาปีที่ 3,,,,,,,1,1,7,0,ประปาหมู่บ้าน,0,มีการเชื่อมต่ออินเทอร์เน็ตด้วย ADSL (Broadband),0,1,1,1,1,1,1,1,1,1,1,1,0,0,0,0,0,0,,,,,,,,,,,,,,,,0,0,1,10,1,15,8,3,5,1,1,7,5,0,0,0,0,0,0,0,0,0,0,0,0,0,0,0,0,0,0,1,0,0,1,0,0,0,15,3,0,0,0,0,0,0,0,0,0,4,13,3,1,1,1,ใช้ DLTV,ไม่เกิดภัยธรรมชาติ,1,ขยายโอกาส,โรงเรียนหลัก,,กลุ่มโรงเรียนนาพูน,52,11,1,-,9,,1,1,1,1,1,1,1,1,1,1,1,,43,เปิดสอน,จัดตั้ง,ไม่เปิดสอน,ไม่จัดตั้ง
1054390268,บ้านนาปลากั้ง,Bannaplakang,เขตพื้นที่การศึกษา,อบต.,เขตตรวจราชการเขต 16,นายจุฑากร เคราะห์ดี,17/11/2442,54070207805,105,3,-,นาพูน,วังชิ้น,แพร่,54160,970174538,0,0,0,bannaplakang@phrae2.go.th,https://sites.google.com/site/bannaplakungschool/home,ที่ราชพัสดุ,ไม่อยู่,17.792257,99.7803212,พื้นราบ,อนุบาล 2,มัธยมศึกษาปีที่ 3,,,,,,,1,1,0,0,ประปาหมู่บ้าน,0,มีการเชื่อมต่ออินเทอร์เน็ตด้วย Fiber Optic,0,0,1,1,1,1,1,0,1,1,1,1,0,0,0,0,0,0,,,,,,,,,,,,,,,,0,0,1,8,1,20,8,8,0,2,2,6,6,13,13,0,1,1,12,11,14,14,0,0,0,14,14,0,0,0,0,0,0,0,0,0,0,0,0,0,0,0,0,0,0,0,0,0,0,0,0,0,0,0,0,ไม่จัด,แผ่นดินไหว,https://drive.google.com/file/d/1CHlUDXSdW3XVqZkA4tSzdUQ6_--0OKiW/view?usp=sharing,ขยายโอกาส,โรงเรียนหลัก,,กลุ่มโรงเรียนนาพูน,76,9,-,-,8,,,1,1,,,,,,,,,,60,เปิดสอน,จัดตั้ง,ไม่เปิดสอน,ไม่จัดตั้ง
1054390269,บ้านวังลึก,Wangluek,เขตพื้นที่การศึกษา,อบต.,เขตตรวจราชการเขต 16,นายเอกลักษณ์ ตาแก้ว,05/01/2477,54070190503,219,4,-,นาพูน,วังชิ้น,แพร่,54160,054-069727,-,-,-,Wangluek_School@hotmail.com,-,ที่ราชพัสดุ,ไม่อยู่,17.762224,99.763103,พื้นราบ,อนุบาล 2,ประถมศึกษาปีที่ 6,,,,,,,1,1,1,1,บ่อน้ำบาดาล,0,มีการเชื่อมต่ออินเทอร์เน็ตด้วยจานดาวเทียม,0,1,1,1,1,1,1,1,1,0,0,0,0,0,0,0,0,0,,,,,,,,,,,,,,,,0,0,1,8,1,32,11,275000,0,2,2,9,5,6,150000,0,2,2,4,4,19,45600,0,1,1,18,18,9,9,0,0,0,0,0,0,0,0,0,0,0,0,0,0,0,0,0,0,0,0,4,12,4,2,2,2,ใช้ DLTV,ไม่เกิดภัยธรรมชาติ,,ประถม,โรงเรียนหลัก,,กลุ่มโรงเรียนนาพูน,75,8,1,-,5,,,,,,,,,,,,,,62,เปิดสอน,จัดตั้ง,ไม่เปิดสอน,ไม่จัดตั้ง
1054390270,บ้านเปาปมดงยาง(มิตรภาพที่ 155),Banpaopomdongyang,เขตพื้นที่การศึกษา,อบต.,เขตตรวจราชการเขต 16,นายเอกลักษณ์ ตาแก้ว,09/05/2516,54070145222,131/1,7,-,นาพูน,วังชิ้น,แพร่,54160,931510323,-,-,-,ppdy.2516@gmail.com,,ที่ดินได้รับบริจาคหรือให้ใช้,ไม่อยู่,17.8478353,99.8747105,พื้นราบ,อนุบาล 2,ประถมศึกษาปีที่ 6,,,,,,,0,1,1,2,ประปาหมู่บ้าน,0,มีการเชื่อมต่ออินเทอร์เน็ตด้วย Fiber Optic,0,1,1,1,1,1,1,1,1,0,0,0,0,0,0,0,0,0,,,,,,1,1,,,,,,,,,0,0,1,10,0,0,0,0,0,0,0,0,0,0,0,0,0,0,0,0,0,0,0,0,0,0,0,0,0,0,0,0,0,0,0,0,0,10,1,2,0,0,0,0,0,0,0,0,0,2,7,2,4,4,4,ใช้ DLTV,แผ่นดินไหว,https://drive.google.com/file/d/1qrm4l26-FvQdKgi75wufFO9OkXINrrgY/view?usp=sharing,ประถม,โรงเรียนหลัก,,กลุ่มโรงเรียนนาพูน,29,8,-,-,3,,,,1,1,,,,,,,,,47,เปิดสอน,ไม่จัดตั้ง,ไม่เปิดสอน,ไม่จัดตั้ง
1054390271,บ้านไร่หลวง,Railuang School,เขตพื้นที่การศึกษา,อบต.,เขตตรวจราชการเขต 16,นายจุฑากร เคราะห์ดี,01/03/2497,-,3/5,6,-,นาพูน,วังชิ้น,แพร่,54160,054-550020,-,-,-,railuang.school@gmail.com,site.google.com/site/railuang2015school,ที่ราชพัสดุ,ไม่อยู่,17.80243,99.826085,พื้นราบ,อนุบาล 2,มัธยมศึกษาปีที่ 3,,,,,,,1,1,5,10,บ่อน้ำบาดาล,0,มีการเชื่อมต่ออินเทอร์เน็ตด้วยวงจรเช่า Leased Line,0,1,1,1,1,1,1,1,1,1,1,1,0,0,0,0,0,0,,,,,,,,,,,,,,,,0,0,1,10,2,20,14,12,0,0,5,10,9,0,0,0,0,0,0,0,0,0,0,0,0,0,0,0,0,0,0,0,0,0,0,0,0,15,5,2,0,0,0,0,0,0,0,0,0,5,17,5,3,3,3,ไม่จัด,แผ่นดินไหว,https://drive.google.com/file/d/1NsH5vA54zEEMqpdXAu_6vuNvCUYGOkyw/view?usp=sharing,ขยายโอกาส,โรงเรียนหลัก,,กลุ่มโรงเรียนนาพูน,85,11,1,-,11,1,1,1,1,1,1,1,1,1,1,1,1,,52,เปิดสอน,จัดตั้ง,ไม่เปิดสอน,ไม่จัดตั้ง
1054390267,บ้านนาพูน,Ban Napoon School,สปช.(เดิม),อบต.,เขตตรวจราชการเขต 16,นางสาวขวัญชนก อุ่นสกล,04/01/2445,,219,10,-,นาพูน,วังชิ้น,แพร่,54160,54069646,801266016,884199926,895599139,goldring2528@gmail.com,https://sites.google.com/site/bannapoonschool/home,ที่ราชพัสดุ,ไม่อยู่,17.82906609,99.76482553,พื้นราบ,อนุบาล 2,มัธยมศึกษาปีที่ 3,,,,,,,1,1,0,11,บ่อน้ำบาดาล,1,มีการเชื่อมต่ออินเทอร์เน็ตด้วย ADSL (Broadband),0,1,1,1,1,1,1,1,1,1,1,1,0,0,0,0,0,0,,,,,,,,,,,,,,,,1,20,1,20,1,20,0,0,0,0,0,0,0,11,11,0,1,1,10,0,42,42,0,0,0,42,0,0,0,1,1,1,0,0,0,0,0,30,30,2,0,0,0,0,0,0,0,0,0,3,22,3,7,0,0,ไม่จัด,ไม่เกิดภัยธรรมชาติ,1,ขยายโอกาส,โรงเรียนหลัก,,กลุ่มโรงเรียนนาพูน,165,11,1,-,14,,,1,1,,,,,,,,,,74,เปิดสอน,จัดตั้ง,ไม่เปิดสอน,ไม่จัดตั้ง
1054390232,บ้านป่าสักปางไม้,pasak,เขตพื้นที่การศึกษา,อบต.,เขตตรวจราชการเขต 16,นางสาวธิติธร สืบสมุทร,25/03/2467,-,-,3,-,ป่าสัก,วังชิ้น,แพร่,54160,54658042,-,-,-,pasakschool@hotmail.com,-,ที่ราชพัสดุ,ไม่มีกิจกรรมการสอนพุทธศาสนาในวันหยุดให้นักเรียน,17.80048711,99.49662279,พื้นราบ,อนุบาล 2,ประถมศึกษาปีที่ 6,,,,,,,1,1,10,27,ประปาโรงเรียน,0,มีการเชื่อมต่ออินเทอร์เน็ตด้วย ADSL (Broadband)|มีการเชื่อมต่ออินเทอร์เน็ตด้วย Fiber Optic,0,1,1,1,1,1,1,1,1,0,0,0,0,0,0,0,0,0,,,,,,,,,,,,,,,,0,0,1,20,1,25,27,10,16,1,1,26,26,0,0,0,0,0,0,0,0,0,0,0,0,0,0,0,0,0,0,2,0,0,0,0,0,0,15,3,0,0,0,0,0,0,0,0,0,4,21,3,2,2,2,ไม่จัด,ไม่เกิดภัยธรรมชาติ,1,ประถม,โรงเรียนหลัก,,กลุ่มโรงเรียนเวียงด้งนคร,128,8,1,-,10,,,,1,1,,,,,,,,,55,เปิดสอน,จัดตั้ง,ไม่เปิดสอน,ไม่จัดตั้ง
1054390233,บ้านแม่กระต๋อม,Maekratom,เขตพื้นที่การศึกษา,อบต.,เขตตรวจราชการเขต 16,นางภัคทร สืบจันทร์,01/05/2483,54070190724,205,6,-,ป่าสัก,วังชิ้น,แพร่,54160,0,0,0,0,maekratom_school@hotmail.com,0,ที่ราชพัสดุ,ไม่อยู่,17.7934073,99.4829622,พื้นราบ,อนุบาล 2,ประถมศึกษาปีที่ 6,,,,,,,1,1,0,20,ประปาโรงเรียน,0,มีการเชื่อมต่ออินเทอร์เน็ตด้วย Fiber Optic,0,1,1,1,1,1,1,1,1,0,0,0,0,0,0,0,0,0,,,,,,,,,,,,,1,,,0,0,1,10,1,50,0,0,0,0,0,0,0,0,0,0,0,0,0,0,0,0,0,0,0,0,0,0,0,1,0,0,1,0,0,0,1,0,0,0,0,0,0,0,0,0,0,0,0,3,18,3,3,3,3,ไม่จัด,ไม่เกิดภัยธรรมชาติ,1,ประถม,โรงเรียนหลัก,,กลุ่มโรงเรียนเวียงด้งนคร,75,8,1,-,8,,,1,1,1,,,,,,,,,61.5,เปิดสอน,จัดตั้ง,ไม่เปิดสอน,ไม่จัดตั้ง
1054390238,บ้านสองแคว,Bansongkaew,เขตพื้นที่การศึกษา,อบต.,เขตตรวจราชการเขต 16,นางสาวธิติธร สืบสมุทร,11/07/2483,5407-019055-4,111,4,-,ป่าสัก,วังชิ้น,แพร่,54160,895543648,,,,,,ที่สาธารณะประโยชน์,ไม่อยู่,17.81813688,99.52488792,พื้นราบ,,,,,,,,,1,1,0,1,บ่อน้ำบาดาล,0,มีการเชื่อมต่ออินเทอร์เน็ตด้วย ADSL (Broadband)|มีการเชื่อมต่ออินเทอร์เน็ตด้วย Fiber Optic,0,0,0,0,0,0,0,0,0,0,0,0,0,0,0,0,0,0,,,,,,,,,,,,,,,,0,0,0,0,0,0,3,1,2,1,1,2,2,4,4,0,0,0,4,4,8,8,0,0,0,2,2,4,4,0,0,0,0,0,0,0,0,0,15,2,0,0,0,0,0,0,0,0,0,1,5,1,2,2,2,ไม่จัด,ไม่เกิดภัยธรรมชาติ,,ประถม,เรียนรวม,บ้านป่าสักปางไม้,กลุ่มโรงเรียนเวียงด้งนคร,-,-,-,-,-,,,,,,,,,,,,,,58.6,,,,ไม่จัดตั้ง
1054390244,บ้านค้างใจ,Kangjai,สปช.(เดิม),อบต.,เขตตรวจราชการเขต 16,นายระบิล หล้าภิละ,16/05/2499,54070211501,163,7,-,แม่เกิ๋ง,วังชิ้น,แพร่,54160,844849737,624174541,,,kangjai163@hotmail.com,https://data.bopp-obec.info/web/home.php?School_ID=1054390244,ที่ราชพัสดุ,ไม่อยู่,17.94384592,99.60337153,พื้นราบ,อนุบาล 2,ประถมศึกษาปีที่ 6,,,,,,,1,1,0,0,บ่อน้ำบาดาล,0,มีการเชื่อมต่ออินเทอร์เน็ตด้วย Fiber Optic,0,1,1,1,1,1,1,1,1,0,0,0,0,0,0,0,0,0,,,,,,,,,,,,,,,,0,0,0,0,0,0,0,0,0,0,0,0,0,0,0,0,0,0,0,0,0,0,0,0,0,0,0,0,0,0,0,0,0,0,0,0,0,15,15,1,0,0,0,0,0,0,0,0,0,1,8,1,4,4,4,ไม่จัด,ไม่เกิดภัยธรรมชาติ,1,ประถม,โรงเรียนหลัก,,กลุ่มโรงเรียนเวียงโกศัย,62,8,1,-,5,1,1,1,1,1,1,,,,,,,,35,เปิดสอน,จัดตั้ง,ไม่เปิดสอน,ไม่จัดตั้ง
1054390245,บ้านแม่สิน,BANMAESIN,เขตพื้นที่การศึกษา,อบต.,เขตตรวจราชการเขต 16,นายจักรกฤษณ์ สมภรณ์วรพล,01/06/2499,-,-,6,-,แม่เกิ๋ง,วังชิ้น,แพร่,54160,847636565,,,,banmaesin2529@gmail.com,,ที่ราชพัสดุ,วัดจัดกิจกรรมการสอนพุทธศาสนาในวันหยุดให้นักเรียน,17.9486723,99.6136648,พื้นราบ,อนุบาล 2,ประถมศึกษาปีที่ 6,,,,,,,1,1,0,4,บ่อน้ำบาดาล,0,มีการเชื่อมต่ออินเทอร์เน็ตด้วย ADSL (Broadband),0,1,1,1,1,1,1,1,1,0,0,0,0,0,0,0,0,0,,,,,,,,,,,,,,,น้ำบาดาลขุ่นจากท่อเป็นสนิมเนื่องจากอายุการใช้งานเป็นระยะเวลานานและเป็นโรงเรียนขนาดเล็กขาดงบประมาณในการซ่อมแซม,0,0,1,8,0,0,0,0,0,0,0,0,0,0,0,0,0,0,0,0,0,0,0,0,0,0,0,0,0,0,0,0,0,0,0,0,0,0,0,0,0,0,0,0,0,0,0,0,0,1,8,1,4,4,4,ใช้ DLTV,ไม่เกิดภัยธรรมชาติ,1,ประถม,โรงเรียนหลัก,,กลุ่มโรงเรียนเวียงโกศัย,44,8,1,-,4,1,1,1,1,1,1,1,1,1,1,1,1,,36,เปิดสอน,จัดตั้ง,ไม่เปิดสอน,ไม่จัดตั้ง
1054390246,บ้านสบป้าก,Sobpak,เขตพื้นที่การศึกษา,อบต.,เขตตรวจราชการเขต 16,นางสาวบุญพา พรหมณะ,27/10/2482,-,93 หมู่ 5 ต.แม่เกิ๋ง อ.วังชิ้น จ.แพร่,5,-,แม่เกิ๋ง,วังชิ้น,แพร่,54160,925866881,-,-,-,phot_17@hotmail.com,-,ที่ราชพัสดุ,ไม่อยู่,17.9548397,99.6417213,พื้นราบ,อนุบาล 2,ประถมศึกษาปีที่ 6,,,,,,,0,1,0,6,ประปาโรงเรียน,0,มีการเชื่อมต่ออินเทอร์เน็ตด้วย ADSL (Broadband),0,1,1,1,1,1,1,1,1,0,0,0,0,0,0,0,0,0,,,,,,,,,,,,,,,,0,0,0,0,0,0,0,0,0,0,0,0,0,0,0,0,0,0,0,0,0,0,0,0,0,0,0,5,5,1,0,0,0,0,0,0,0,15,15,1,0,0,0,0,0,0,0,0,0,1,8,1,1,1,1,ใช้ DLTV,ไม่เกิดภัยธรรมชาติ,1,ประถม,โรงเรียนหลัก,,กลุ่มโรงเรียนเวียงโกศัย,30,8,1,-,4,,,1,1,1,,,,,,,,,25,เปิดสอน,ไม่จัดตั้ง,ไม่เปิดสอน,ไม่จัดตั้ง
1054390229,บ้านสลก,Ban Salok,เขตพื้นที่การศึกษา,อบต.,เขตตรวจราชการเขต 16,นายสิรวิชญ์ ขัดเชิง,25/05/2492,-,-,8,-,แม่เกิ๋ง,วังชิ้น,แพร่,54160,828369144,-,-,-,Salok_school@hotmail.com,https://www.facebook.com/pages/%E0%B9%82%E0%B8%A3%E0%B8%87%E0%B9%80%E0%B8%A3%E0%B8%B5%E0%B8%A2%E0%B8%99%E0%B8%9A%E0%B9%89%E0%B8%B2%E0%B8%99%E0%B8%AA%E0%B8%A5%E0%B8%81/211447958987571?bookmark_t=page,ที่ราชพัสดุ,ไม่อยู่,17.931246,99.575372,พื้นราบ,อนุบาล 2,มัธยมศึกษาปีที่ 3,,,,,,,0,1,0,0,ประปาหมู่บ้าน,0,มีการเชื่อมต่ออินเทอร์เน็ตด้วย Fiber Optic,0,1,1,1,1,1,1,1,1,1,1,1,0,0,0,0,0,0,,,,,,,,,,,,,,,,0,0,0,0,0,0,27,16,11,1,1,26,20,8,6,2,5,5,3,3,0,0,0,0,0,0,0,11,11,2,0,0,0,0,0,0,0,0,0,0,0,0,0,0,0,0,0,0,0,0,0,0,0,0,0,ไม่จัด,พายุ,https://drive.google.com/file/d/1GTooM5l4KtEWQtmnjMYZPKaErzQDVoRd/view?usp=sharing,ขยายโอกาส,โรงเรียนหลัก,,กลุ่มโรงเรียนเวียงโกศัย,97,11,1,-,11,,,,,,,,,,,,,,39.8,เปิดสอน,ไม่จัดตั้ง,ไม่เปิดสอน,ไม่จัดตั้ง
1054390247,บ้านแช่ฟ้า,banchaefa,เขตพื้นที่การศึกษา,อบต.,เขตตรวจราชการเขต 16,นางนิภาพร ทากัณทวงค์,01/06/2502,-,บ้านแช่ฟ้า,6,-,แม่ป้าก,วังชิ้น,แพร่,54160,879481299,-,-,-,pjbascu@gmail.com,-,ที่ราชพัสดุ,ไม่อยู่,17.9626931,99.6502292,พื้นราบ,ประถมศึกษาปีที่ 2,ประถมศึกษาปีที่ 6,,,,,,,1,1,0,0,ประปาหมู่บ้าน,0,มีการเชื่อมต่ออินเทอร์เน็ตด้วยจานดาวเทียม,0,0,0,0,1,1,1,1,1,0,0,0,0,0,0,0,0,0,,,,,,,,,,,,,,,,0,0,0,0,0,0,0,0,0,0,0,0,0,0,0,0,0,0,0,0,0,0,0,0,0,0,0,0,0,0,0,0,0,0,0,0,0,0,0,0,0,0,0,0,0,0,0,0,0,2,15,2,0,0,0,ไม่จัด,ไม่เกิดภัยธรรมชาติ,1,ขยายโอกาส,เรียนรวม,ชุมชนบ้านแม่ป้าก,กลุ่มโรงเรียนเวียงโกศัย,14,5,-,-,-,1,1,1,1,1,,,,,,,,,20,เปิดสอน,ไม่จัดตั้ง,ไม่เปิดสอน,ไม่จัดตั้ง
1054390243,บ้านแม่บงเหนือ,Banmaebongnue School,เขตพื้นที่การศึกษา,อบต.,เขตตรวจราชการเขต 16,นางนิภาพร ทากัณทวงค์(รก.ผอ.),02/06/2493,-,หมู่ที่ 2,2,-,แม่ป้าก,วังชิ้น,แพร่,54160,813146265,962824455,-,-,pjbascu@gmail.com,-,ที่ราชพัสดุ,ไม่อยู่,17.9936495,99.6815887,พื้นราบ,,,,,,,,,1,1,0,0,บ่อน้ำตื้น,0,มีการเชื่อมต่ออินเทอร์เน็ตด้วย ADSL (Broadband)|มีการเชื่อมต่ออินเทอร์เน็ตด้วยวงจรเช่า Leased Line,0,0,0,0,0,0,0,0,0,0,0,0,0,0,0,0,0,0,,,,1,เสียงรถ,,,,,,,,,,,0,0,0,0,0,0,0,0,0,0,0,0,0,0,0,0,0,0,0,0,0,0,0,0,0,0,0,0,0,0,0,0,0,0,0,0,0,0,0,0,0,0,0,0,0,0,0,0,0,1,7,1,3,5,3,ไม่จัด,ไม่เกิดภัยธรรมชาติ,1,ประถม,เรียนรวม,ชุมชนบ้านแม่ป้าก,กลุ่มโรงเรียนเวียงโกศัย,-,-,-,-,-,,,1,,1,,,,,,,,,21,,,,ไม่จัดตั้ง
1054390240,ชุมชนบ้านแม่ป้าก,Chumchonbanmaepak,เขตพื้นที่การศึกษา,อบต.,เขตตรวจราชการเขต 16,นางนิภาพร ทากัณทวงศ์,30/11/2498,-,233,4,ลอง-วังชิ้น,แม่ป้าก,วังชิ้น,แพร่,54160,813146525,-,-,-,schoolmaepak@gmail.com,-,ที่ราชพัสดุ,ไม่อยู่,17.98535787,99.65192495,พื้นราบ,ประถมศึกษาปีที่ 1,มัธยมศึกษาปีที่ 3,,,,,,,1,1,0,0,ประปาโรงเรียน,0,มีการเชื่อมต่ออินเทอร์เน็ตด้วย Fiber Optic,0,0,0,1,1,1,1,1,1,1,1,1,0,0,0,0,0,0,,,,,,,,1,,,,,,,,0,0,1,15,1,15,0,0,0,0,0,0,0,0,0,0,0,0,0,0,0,0,0,0,0,0,0,9,9,1,0,0,0,0,0,0,0,0,0,0,0,0,0,0,0,0,0,0,0,0,0,0,0,0,0,ไม่จัด,ไม่เกิดภัยธรรมชาติ,1,ขยายโอกาส,โรงเรียนหลัก,,กลุ่มโรงเรียนเวียงโกศัย,100,9,1,-,11,,1,1,1,1,,,,,,,,,25,เปิดสอน,จัดตั้ง,ไม่เปิดสอน,ไม่จัดตั้ง
1054390241,บ้านแม่จอก,BAN-MAE-JOG,เขตพื้นที่การศึกษา,อบต.,เขตตรวจราชการเขต 16,นางนิภาพร ทากัณทวงค์(ผอ.รร.ชุมชนบ้านแม่ป้าก),02/03/2481,54070190546,198,5,-,แม่ป้าก,วังชิ้น,แพร่,54160,,,,,,,ที่ราชพัสดุ,ไม่อยู่,17.97877783,99.63638272,พื้นราบ,,,,,,,,,1,0,0,0,ประปาโรงเรียน,0,มีการเชื่อมต่ออินเทอร์เน็ตด้วยจานดาวเทียม,0,0,0,0,0,0,0,0,0,0,0,0,0,0,0,0,0,0,,,,1,,,,,,,,,,,,0,0,0,0,0,0,0,0,0,0,0,0,0,0,0,0,0,0,0,0,0,0,0,0,0,0,0,0,0,0,0,0,0,0,0,0,0,0,0,0,0,0,0,0,0,0,0,0,0,0,0,0,0,0,0,ไม่จัด,ไม่เกิดภัยธรรมชาติ,,ประถม,เรียนรวม,ชุมชนบ้านแม่ป้าก,กลุ่มโรงเรียนเวียงโกศัย,-,-,-,-,-,,,,,,,,,,,,,,0,,,,ไม่จัดตั้ง
1054390242,บ้านแม่บงใต้,Banmaebongtai,เขตพื้นที่การศึกษา,อบต.,เขตตรวจราชการเขต 16,นางนิภาพร ทากัณทวงค์,06/07/2483,-,4,10,-,แม่ป้าก,วังชิ้น,แพร่,54160,925729888,879481299,-,-,,-,ที่ราชพัสดุ,ไม่อยู่,17.978246,99.675685,พื้นราบ,อนุบาล 2,ประถมศึกษาปีที่ 6,,,,,,,1,1,0,0,ประปาหมู่บ้าน,0,มีการเชื่อมต่ออินเทอร์เน็ตด้วย ADSL (Broadband)|มีการเชื่อมต่ออินเทอร์เน็ตด้วยจานดาวเทียม,0,1,0,1,1,1,1,1,1,0,0,0,0,0,0,0,0,0,,,,,,,,,,,,,,,,0,0,0,0,0,0,0,0,0,0,0,0,0,0,0,0,0,0,0,0,0,0,0,0,0,0,0,5,5,0,0,0,0,0,0,0,0,0,0,0,0,0,0,0,0,0,0,0,0,2,7,2,3,3,3,ใช้ DLTV,ไม่เกิดภัยธรรมชาติ,,ประถม,โรงเรียนหลัก,,กลุ่มโรงเรียนเวียงโกศัย,42,7,-,-,4,,,,1,1,,,,,,,,,28,เปิดสอน,ไม่จัดตั้ง,ไม่เปิดสอน,ไม่จัดตั้ง
1054390256,บ้านวังขอนป่าไผ่,wangkhonpapai school,เขตพื้นที่การศึกษา,อบต.,เขตตรวจราชการเขต 16,นายสฐาน ลังกาเทพ,01/03/2477,-,-,1,-,แม่พุง,วังชิ้น,แพร่,54160,842545249,-,-,-,-,-,ที่ราชพัสดุ,ไม่อยู่,17.88968308,99.57084874,พื้นราบ,ประถมศึกษาปีที่ 1,ประถมศึกษาปีที่ 6,,,,,,,1,1,1,2,ประปาหมู่บ้าน,0,มีการเชื่อมต่ออินเทอร์เน็ตด้วยจานดาวเทียม,0,0,0,0,0,1,1,1,0,0,0,0,0,0,0,0,0,0,,,,,,,,,,,,,,,,1,10,1,10,0,0,2,2,0,0,0,0,0,2,2,0,2,2,0,0,4,4,0,0,0,4,4,1,1,0,0,0,0,0,0,0,0,100,15,1,0,0,0,0,0,0,0,0,0,2,5,1,1,1,1,ใช้ DLTV,ไม่เกิดภัยธรรมชาติ,,ประถม,เรียนรวม,บ้านวังกวาง,กลุ่มโรงเรียนเวียงด้งนคร,4,3,-,-,-,,,,,,,,,,,,,,46,เปิดสอน,จัดตั้ง,ไม่เปิดสอน,ไม่จัดตั้ง
1054390257,บ้านวังกวาง,Banwangkwang,เขตพื้นที่การศึกษา,อบต.,เขตตรวจราชการเขต 16,นายสฐาน ลังกาเทพ,09/07/2483,-,120/1,3,-,แม่พุง,วังชิ้น,แพร่,54160,842545249,-,-,-,banwangkwang@gmail.com,www.banwangkwangsc.com,ที่ราชพัสดุ,ไม่อยู่,17.8751568,99.5498017,พื้นราบ,ประถมศึกษาปีที่ 1,ประถมศึกษาปีที่ 6,,,,,,,1,1,1,2,ประปาหมู่บ้าน,0,มีการเชื่อมต่ออินเทอร์เน็ตด้วยจานดาวเทียม,0,0,0,1,1,1,1,1,1,0,0,0,0,0,0,0,0,0,,,,,,,,,,,,,,,,1,12,1,12,1,12,2,0,2,0,0,2,2,5,3,2,3,3,2,2,7,7,0,0,0,7,7,3,3,2,0,1,2,0,0,0,0,100,15,1,0,0,0,0,0,0,0,0,0,3,10,3,2,2,2,ใช้ DLTV,ไม่เกิดภัยธรรมชาติ,,ประถม,โรงเรียนหลัก,,กลุ่มโรงเรียนเวียงด้งนคร,38,6,-,-,5,,,,,,,,,,,,,,48,เปิดสอน,จัดตั้ง,ไม่เปิดสอน,ไม่จัดตั้ง
1054390258,บ้านค้างปินใจ,BanKhangpinjai,สปช.(เดิม),อบต.,เขตตรวจราชการเขต 16,นายสุชาติ เวียงชัย,25/05/2480,,246,4,วังชิ้น - เถิน,แม่พุง,วังชิ้น,แพร่,54160,54069731,,,,angkanapakhum@gmail.com,www.khangpinjai.com,ที่ราชพัสดุ,ไม่อยู่,17.8803379,99.5373274,พื้นราบ,อนุบาล 3,มัธยมศึกษาปีที่ 3,,,,,,,0,1,0,0,ประปาหมู่บ้าน,0,มีการเชื่อมต่ออินเทอร์เน็ตด้วย Fiber Optic,0,0,0,1,1,1,1,1,1,1,1,1,0,0,0,0,0,0,,,,,,,,,,,,,,,,0,0,0,0,0,0,0,0,0,0,0,0,0,0,0,0,0,0,0,0,0,0,0,0,0,0,0,0,0,1,0,0,0,0,0,0,0,0,0,0,0,0,0,0,0,0,0,0,0,3,16,3,2,2,2,ใช้ DLTV,ไม่เกิดภัยธรรมชาติ,1,ขยายโอกาส,โรงเรียนหลัก,,กลุ่มโรงเรียนเวียงด้งนคร,60,9,-,-,6,,,1,1,,,,,,,,,,50,เปิดสอน,จัดตั้ง,ไม่เปิดสอน,ไม่จัดตั้ง
1054390260,บ้านขุนห้วย,Bankunhuy,เขตพื้นที่การศึกษา,อบต.,เขตตรวจราชการเขต 16,นายสฐาน ลังกาเทพ,09/07/2483,5407019064,206/2,13,-,แม่พุง,วังชิ้น,แพร่,54160,842545249,-,-,-,-,-,ที่สาธารณะประโยชน์,ไม่อยู่,17.88300971,99.52078189,พื้นราบ,ประถมศึกษาปีที่ 1,ประถมศึกษาปีที่ 6,54020123,390257,บ้านวังกวาง,,,,1,1,0,0,ประปาหมู่บ้าน,0,ไม่มีการเชื่อมต่ออินเทอร์เน็ต,0,0,0,0,0,1,1,1,1,0,0,0,0,0,0,0,0,0,,,,,,,,,,,,,,,,0,0,0,0,0,0,0,0,0,0,0,0,0,0,0,0,0,0,0,0,0,0,0,0,0,0,0,0,0,0,0,0,0,0,0,0,0,0,0,0,0,0,0,0,0,0,0,0,0,0,0,0,0,0,0,ใช้ DLTV,ไม่เกิดภัยธรรมชาติ,,ประถม,เรียนรวม,บ้านวังกวาง,กลุ่มโรงเรียนเวียงด้งนคร,7,4,-,-,-,,,,,,,,,,,,,,49,เปิดสอน,จัดตั้ง,ไม่เปิดสอน,ไม่จัดตั้ง
1054390265,บ้านปางมะโอ,Pangmao,เขตพื้นที่การศึกษา,อบต.,เขตตรวจราชการเขต 16,นายทรงพล เวียงชัย (รักษาการในตำแหน่ง ผอ.ร.ร.),12/05/2520,54070190597,9,12,-,แม่พุง,วังชิ้น,แพร่,54160,089-2638797,,817967991,,,,ที่ราชพัสดุ,ไม่อยู่,17.840385,99.594081,พื้นราบ,ประถมศึกษาปีที่ 1,ประถมศึกษาปีที่ 6,,,,,,,1,1,0,0,ประปาหมู่บ้าน,1,มีการเชื่อมต่ออินเทอร์เน็ตด้วยวงจรเช่า Leased Line|มีการเชื่อมต่ออินเทอร์เน็ตด้วยจานดาวเทียม,0,0,0,1,1,1,1,1,1,0,0,0,0,0,0,0,0,0,,,,,,,,,,,,,,,,0,0,1,3,0,0,0,0,0,0,0,0,0,0,0,0,0,0,0,0,0,0,0,0,0,0,0,2,2,0,0,1,1,0,0,0,0,0,0,0,0,0,0,0,0,0,0,0,0,2,7,2,3,3,3,ใช้ DLTV,ไม่เกิดภัยธรรมชาติ,,ประถม,โรงเรียนหลัก,,กลุ่มโรงเรียนเวียงด้งนคร,24,6,-,-,2,,,,,,,,,,,,,,51,เปิดสอน,จัดตั้ง,ไม่เปิดสอน,ไม่จัดตั้ง
1054390266,สวนป่าแม่สรอย,Saonpamaesaroy,เขตพื้นที่การศึกษา,อบต.,เขตตรวจราชการเขต 16,นายสฐาน ลังกาเทพ,03/09/2523,5407-019062-7,15/1,14,-,แม่พุง,วังชิ้น,แพร่,54160,842545249,-,-,-,-,-,ที่สาธารณะประโยชน์,ไม่อยู่,17.8739382,99.5479886,พื้นราบ,ประถมศึกษาปีที่ 1,ประถมศึกษาปีที่ 6,54020123,390257,บ้านวังกวาง,,,,1,1,0,0,ประปาหมู่บ้าน,0,ไม่มีการเชื่อมต่ออินเทอร์เน็ต,0,0,0,0,0,1,1,0,1,0,0,0,0,0,0,0,0,0,,,,,,,,,,,,,,,,0,0,0,0,0,0,0,0,0,0,0,0,0,0,0,0,0,0,0,0,0,0,0,0,0,0,0,0,0,0,0,0,0,0,0,0,0,0,0,0,0,0,0,0,0,0,0,0,0,0,0,0,0,0,0,ไม่จัด,ไม่เกิดภัยธรรมชาติ,,ประถม,เรียนรวม,บ้านวังกวาง,กลุ่มโรงเรียนเวียงด้งนคร,5,3,-,-,-,,,,,,,,,,,,,,54,เปิดสอน,จัดตั้ง,ไม่เปิดสอน,ไม่จัดตั้ง
1054390261,บ้านแม่แฮด,Banmaehad,สปช.(เดิม),อบต.,เขตตรวจราชการเขต 16,นางภัคทร สืบจันทร์ (รกน),28/05/2499,0,บ้านแม่แฮด หมู5 ตำบลแม่พุง อำเภอวังชิ้น,5,วังชิ้น-เถิน,แม่พุง,วังชิ้น,แพร่,54160,644579910,807947181,0,0,Maehadschool@gmail.com,0,ที่ราชพัสดุ,ไม่อยู่,17.8590247,99.5277169,อยู่ในจังหวัดตามพระราชกฤษฎีกาจัดตั้งสถาบันวิจัยพัฒนาพื้นที่สูง (องค์การมหาชน) พ.ศ. 2548 เป็นพื้นที่ภูเขา หรือพื้นที่ที่ที่มีความสูงกว่าระดับน้ำทะเล 500 เมตร ขึ้นไป,อนุบาล 2,ประถมศึกษาปีที่ 6,,,,,,,0,1,1,1,ประปาหมู่บ้าน,0,มีการเชื่อมต่ออินเทอร์เน็ตด้วยจานดาวเทียม,0,1,0,1,1,1,1,1,1,0,0,0,0,0,0,0,0,0,,,,,,,,,,,,,,,,0,0,0,0,0,0,0,0,0,0,0,0,0,0,0,0,0,0,0,0,0,0,0,0,0,0,0,0,0,0,0,0,0,0,0,0,0,15,10,1,0,0,0,0,0,0,0,0,0,1,6,1,1,1,1,ใช้ DLTV,ไม่เกิดภัยธรรมชาติ,,ประถม,โรงเรียนหลัก,,กลุ่มโรงเรียนเวียงด้งนคร,19,7,-,-,2,,,,,,,,,,,,,,50,เปิดสอน,ไม่จัดตั้ง,ไม่เปิดสอน,ไม่จัดตั้ง
1054390262,บ้านแม่ตื้ด,Banmaetued,เขตพื้นที่การศึกษา,อบต.,เขตตรวจราชการเขต 16,นางภัคทร สืบจันทร์,26/11/2500,,157,6,-,แม่พุง,วังชิ้น,แพร่,54160,864846690,640649830,,,,,ที่ราชพัสดุ,ไม่อยู่,17.84286444,99.5092624,พื้นราบ,อนุบาล 2,ประถมศึกษาปีที่ 6,,,,,,,1,1,0,0,ประปาหมู่บ้าน,0,มีการเชื่อมต่ออินเทอร์เน็ตด้วยจานดาวเทียม,0,0,1,1,1,1,1,1,1,0,0,0,0,0,0,0,0,0,,,,,,,,,,,,,,,,0,0,0,0,0,0,0,0,0,0,0,0,0,0,0,0,0,0,0,0,0,0,0,0,0,0,0,0,0,0,0,0,0,0,0,0,0,0,0,0,0,0,0,0,0,0,0,0,0,1,5,1,4,4,4,ใช้ DLTV,ไม่เกิดภัยธรรมชาติ,,ประถม,โรงเรียนหลัก,,กลุ่มโรงเรียนเวียงด้งนคร,28,7,-,-,3,,,,,,,,,,,,,,56,เปิดสอน,ไม่จัดตั้ง,ไม่เปิดสอน,ไม่จัดตั้ง
1054390263,บ้านป่าคาป่าม่วง,Ban pakapamoung,เขตพื้นที่การศึกษา,อบต.,เขตตรวจราชการเขต 16,นางสาวธิติธร สืบสมุทร,10/07/2482,-,42,9,-,แม่พุง,วังชิ้น,แพร่,54160,095-3246335,-,-,-,-,http://www.thaischool.in.th/pakapamung/,ที่ดินได้รับบริจาคหรือให้ใช้,ไม่มีกิจกรรมการสอนพุทธศาสนาในวันหยุดให้นักเรียน,17.82705167,99.55352333,อยู่ในจังหวัดตามพระราชกฤษฎีกาจัดตั้งสถาบันวิจัยพัฒนาพื้นที่สูง (องค์การมหาชน) พ.ศ. 2548 เป็นพื้นที่ภูเขา หรือพื้นที่ที่ที่มีความสูงกว่าระดับน้ำทะเล 500 เมตร ขึ้นไป,อนุบาล 2,มัธยมศึกษาปีที่ 3,,,,,,,1,1,6,6,บ่อน้ำบาดาล,0,มีการเชื่อมต่ออินเทอร์เน็ตด้วยจานดาวเทียม|มีการเชื่อมต่ออินเทอร์เน็ตด้วย Fiber Optic,0,0,0,1,1,1,1,1,1,1,1,1,0,0,0,0,0,0,,,,,,,,,,,,,,,,1,20,1,20,1,20,3,3,0,0,0,3,3,4,2,2,1,1,3,3,0,0,0,0,0,0,0,1,1,0,1,1,1,1,1,0,0,15,15,1,0,0,0,0,0,0,0,0,0,4,22,4,1,1,1,ไม่จัด,ไม่เกิดภัยธรรมชาติ,,ขยายโอกาส,โรงเรียนหลัก,,กลุ่มโรงเรียนเวียงด้งนคร,62,9,-,-,11,,,,,,,,,,,,,,55.3,เปิดสอน,จัดตั้ง,ไม่เปิดสอน,ไม่จัดตั้ง
1054390264,บ้านปางไฮ,Ban Panghai,เขตพื้นที่การศึกษา,อบต.,เขตตรวจราชการเขต 16,นายทรงพล เวียงชัย (รักษาการในตำแหน่ง),03/07/2482,5407-019049-0,99,8,ปางไฮ - ป่าสัก,แม่พุง,วังชิ้น,แพร่,54160,810261203,0,0,0,banpanghai@gmail.com,http://school.obec.go.th.panghai/,ที่ดินได้รับบริจาคหรือให้ใช้,ไม่อยู่,17.83607515,99.57681867,พื้นราบ,อนุบาล 2,ประถมศึกษาปีที่ 6,,,,54020128,390265,บ้านปางมะโอ,1,1,1,8,บ่อน้ำบาดาล,0,มีการเชื่อมต่ออินเทอร์เน็ตด้วยวงจรเช่า Leased Line|มีการเชื่อมต่ออินเทอร์เน็ตด้วย Fiber Optic,0,0,0,1,1,1,1,1,1,0,0,0,0,0,0,0,0,0,,,,,,,,,,,,,,,,0,0,1,14,0,0,12,5,3,0,0,12,8,0,0,0,0,0,0,0,0,0,0,0,0,0,0,2,2,0,0,1,1,0,0,0,0,0,0,0,0,0,0,0,0,0,0,0,0,1,6,1,4,9,4,ใช้ DLTV,ไม่เกิดภัยธรรมชาติ,,ประถม,โรงเรียนหลัก,,กลุ่มโรงเรียนเวียงด้งนคร,17,6,-,-,2,,,,,,,,,,,,,,44,เปิดสอน,จัดตั้ง,ไม่เปิดสอน,ไม่จัดตั้ง
1054390249,บ้านวังชิ้น,banwangchin,เขตพื้นที่การศึกษา,อบต.,เขตตรวจราชการเขต 16,นายสิทธิพร อุดคำมี,17/03/2467,54070190562,202,2,-,วังชิ้น,วังชิ้น,แพร่,54160,54588309,-,-,-,ิิbanwangchin@gmail.com,-,ที่ราชพัสดุ,ไม่อยู่,17.88396792,99.60911247,พื้นราบ,อนุบาล 2,ประถมศึกษาปีที่ 6,,,,,,,1,1,13,0,ประปาหมู่บ้าน,0,มีการเชื่อมต่ออินเทอร์เน็ตด้วย Fiber Optic,0,1,1,1,1,1,1,1,1,0,0,0,0,0,0,0,0,0,,,,,,,,,,,,,,,,0,0,0,0,0,0,16,16,0,2,2,14,8,2,2,0,1,1,1,1,0,0,0,0,0,0,0,1,1,1,0,1,0,0,0,0,0,0,0,0,0,0,0,0,0,0,0,0,0,5,15,5,2,3,2,ใช้ DLTV,ไม่เกิดภัยธรรมชาติ,1,ประถม,โรงเรียนหลัก,,กลุ่มโรงเรียนเวียงโกศัย,70,8,1,-,4,,,1,1,1,,,,,,,,,48,เปิดสอน,ไม่จัดตั้ง,ไม่เปิดสอน,ไม่จัดตั้ง
1054390250,บ้านวังเบอะ,BANWANGBOE,สปช.(เดิม),อบต.,เขตตรวจราชการเขต 16,ว่าที่ร้อยตรีพีร์ระวัชล์ ดอนมงคล,25/11/2442,54070213988,151,3,-,วังชิ้น,วังชิ้น,แพร่,54160,54588310,,,,,,ที่สาธารณะประโยชน์,ไม่อยู่,17.87898604,99.62018327,พื้นราบ,อนุบาล 2,มัธยมศึกษาปีที่ 3,,,,,,,1,1,33,0,ประปาโรงเรียน,0,มีการเชื่อมต่ออินเทอร์เน็ตด้วย ADSL (Broadband),0,1,1,1,1,1,1,1,1,1,1,1,0,0,0,0,0,0,,,,,,,,,,,,,,,,0,0,1,20,2,20,33,13,20,4,4,29,29,0,0,0,0,0,0,0,0,0,0,0,0,0,0,0,0,0,1,1,0,0,0,0,0,0,0,0,0,0,0,0,0,0,0,0,0,3,20,3,2,2,2,ไม่จัด,ไม่เกิดภัยธรรมชาติ,,ขยายโอกาส,โรงเรียนหลัก,,กลุ่มโรงเรียนเวียงโกศัย,120,11,1,-,14,,,,,,,,,,,,,,42.82,เปิดสอน,จัดตั้ง,ไม่เปิดสอน,ไม่จัดตั้ง
1054390251,บ้านวังแฟน,BANWANGFAN,สปช.(เดิม),อบต.,เขตตรวจราชการเขต 16,ว่าที่รต.พีร์ระวัชล์ ดอนมงคล,29/11/2442,540701090694,90,5,วังชิ้น - นาปลากั้ง,วังชิ้น,วังชิ้น,แพร่,54160,-,-,-,-,wangfan_school@hotmail.com,www.wangfanschool.co.th,ที่ราชพัสดุ,ไม่อยู่,17.845994,99.63091656,พื้นราบ,,,,,,,,,1,1,6,0,ประปาหมู่บ้าน,0,ไม่มีการเชื่อมต่ออินเทอร์เน็ต,0,0,0,0,0,0,0,0,0,0,0,0,0,0,0,0,0,0,,,,,,,,,,,,,,,,0,0,0,0,0,0,0,0,0,0,0,0,0,0,0,0,0,0,0,0,0,0,0,0,0,0,0,0,0,0,0,0,0,0,0,0,0,0,0,0,0,0,0,0,0,0,0,0,0,2,4,1,1,1,1,ไม่จัด,ไม่เกิดภัยธรรมชาติ,,ประถม,เรียนรวม,บ้านวังเบอะ,กลุ่มโรงเรียนเวียงโกศัย,-,-,-,-,-,,,,,,,,,,,,,,85.4,,,,ไม่จัดตั้ง
1054390252,บ้านป่ายุบ,Banpayub,สปช.(เดิม),อบต.,เขตตรวจราชการเขต 16,-,26/11/2485,,-,4,-,วังชิ้น,วังชิ้น,แพร่,54160,-,,,,,,ที่ราชพัสดุ,ไม่อยู่,17.8861088,99.6607777,พื้นราบ,,,,,,,,,1,1,0,0,ประปาโรงเรียน,0,ไม่มีการเชื่อมต่ออินเทอร์เน็ต,0,0,0,0,0,0,0,0,0,0,0,0,0,0,0,0,0,0,,,,,,,,,,,,,,,,0,0,0,0,0,0,0,0,0,0,0,0,0,0,0,0,0,0,0,0,0,0,0,0,0,0,0,0,0,0,0,0,0,0,0,0,0,0,0,0,0,0,0,0,0,0,0,0,0,0,0,0,0,0,0,ไม่จัด,ไม่เกิดภัยธรรมชาติ,,ประถม,เรียนรวม,บ้านวังเบอะ,กลุ่มโรงเรียนเวียงโกศัย,-,-,-,-,-,,,,,,,,,,,,,,83,,,,ไม่จัดตั้ง
1054390253,บ้านหาดรั่ว,Ban Had Rua,เขตพื้นที่การศึกษา,อบต.,เขตตรวจราชการเขต 16,นายมนตรี ถาบูรณะพงศ์พันธ์,01/07/2485,,202,6,-,วังชิ้น,วังชิ้น,แพร่,54160,612269157,,,,ิbanhardruaschool@gmail.com,https://sites.google.com/site/hradrua/home,ที่ราชพัสดุ,ไม่อยู่,17.79060539,99.67633884,พื้นราบ,อนุบาล 2,มัธยมศึกษาปีที่ 3,,,,,,,1,1,15,0,ประปาหมู่บ้าน,0,มีการเชื่อมต่ออินเทอร์เน็ตด้วย Fiber Optic,0,1,1,1,1,1,1,1,1,1,1,1,0,0,0,0,0,0,,,,,,,,,,,,,,,,0,0,2,20,1,20,21,10,11,0,0,21,12,0,0,0,0,0,0,0,0,0,0,0,0,0,0,0,0,0,0,0,0,0,0,0,0,0,0,0,0,0,0,0,0,0,0,0,0,0,0,0,0,0,0,ไม่จัด,ไม่เกิดภัยธรรมชาติ,,ขยายโอกาส,โรงเรียนหลัก,,กลุ่มโรงเรียนเวียงโกศัย,126,11,1,-,13,,,,,,,,,,,,,,56.78,เปิดสอน,จัดตั้ง,ไม่เปิดสอน,ไม่จัดตั้ง
1054390227,บ้านใหม่(สมบัติทวีประชาสรรค์),BANMAI,เขตพื้นที่การศึกษา,เทศบาลตำบล,เขตตรวจราชการเขต 16,นายทรงพล เวียงชัย,13/03/2483,54880016471,219,7,-,วังชิ้น,วังชิ้น,แพร่,54160,54589118,-,54589118,-,Banmai.bm219@gmail.com,-,ที่ราชพัสดุ,ไม่อยู่,17.899059,99.603379,พื้นราบ,อนุบาล 2,ประถมศึกษาปีที่ 6,,,,,,,1,1,0,19,ประปาเทศบาล,0,มีการเชื่อมต่ออินเทอร์เน็ตด้วย ADSL (Broadband),0,1,1,1,1,1,1,1,1,0,0,0,0,0,0,0,0,0,,,,,,,,,,,,,,,,1,30,1,30,1,30,0,0,0,0,0,0,0,0,0,0,0,0,0,0,0,0,0,0,0,0,0,2,2,2,0,0,1,0,0,0,0,0,0,0,0,0,0,0,0,0,0,0,0,0,0,0,6,6,6,ไม่จัด,ไม่เกิดภัยธรรมชาติ,,ประถม,โรงเรียนหลัก,,กลุ่มโรงเรียนเวียงโกศัย,146,8,1,1,11,,,,,,,,,,,,,,41,เปิดสอน,จัดตั้ง,เปิดสอน,จัดตั้ง
1054390228,บ้านนาใหม่,Bannamai,เขตพื้นที่การศึกษา,เทศบาลตำบล,เขตตรวจราชการเขต 16,นายสฐาน ลังกาเทพ,01/05/2506,-,-,8,นาใหม่-ปางมะโอ,วังชิ้น,วังชิ้น,แพร่,54160,54588176,896767185,-,-,Bannamai.Phrae@gmail.com,-,ที่ราชพัสดุ,ไม่อยู่,17.886228,99.603525,พื้นราบ,อนุบาล 2,ประถมศึกษาปีที่ 6,,,,,,,0,1,1,1,ประปาเทศบาล,0,มีการเชื่อมต่ออินเทอร์เน็ตด้วย Fiber Optic,0,1,1,1,1,1,1,1,1,0,0,0,0,0,0,0,0,0,,,,,,,,,,,,,,,,0,0,1,0,1,15,0,0,1,0,0,0,0,1,1,0,1,1,0,0,0,0,0,0,0,0,0,8,8,0,0,0,0,0,0,0,0,100,15,2,0,0,0,0,0,0,0,0,0,0,0,0,0,0,0,ใช้ DLTV,ไม่เกิดภัยธรรมชาติ,,ประถม,โรงเรียนหลัก,,กลุ่มโรงเรียนเวียงโกศัย,32,8,1,-,4,,,,,,,,,,,,,,44,เปิดสอน,จัดตั้ง,ไม่เปิดสอน,ไม่จัดตั้ง
1054390237,บ้านแพะทุ่งเจริญ,BANPAETOONGCHAROEN,เขตพื้นที่การศึกษา,อบต.,เขตตรวจราชการเขต 16,นายณรงค์ แก้วรัตม์,22/06/2519,0,149/1,7,0,สรอย,วังชิ้น,แพร่,54160,985568105,086-4349928,0,0,banpa2pa@gmail.com,www.banpaesc.com,ที่ดินได้รับบริจาคหรือให้ใช้,ไม่อยู่,17.77065838,99.44837657,พื้นราบ,อนุบาล 2,ประถมศึกษาปีที่ 6,,,,,,,0,1,1,1,ประปาหมู่บ้าน,0,มีการเชื่อมต่ออินเทอร์เน็ตด้วย ADSL (Broadband),0,1,1,1,1,1,1,1,1,0,0,0,0,0,0,0,0,0,,,,,,,,,,,,,,,,0,0,0,0,0,0,1,0,0,1,1,1,1,2,0,0,2,0,0,0,0,0,0,0,0,0,0,1,1,1,0,0,0,0,1,0,0,15,15,3,0,0,0,0,0,0,0,0,0,2,10,2,0,0,0,ใช้ DLTV,ไม่เกิดภัยธรรมชาติ,1,ประถม,โรงเรียนหลัก,,กลุ่มโรงเรียนเวียงด้งนคร,26,8,-,-,3,1,1,1,1,1,,,,,,,,,67,เปิดสอน,จัดตั้ง,ไม่เปิดสอน,ไม่จัดตั้ง
1054390235,บ้านแม่ขมิง,Maekhaming,สปช.(เดิม),อบต.,เขตตรวจราชการเขต 16,นายณรงค์ แก้วรัตม์,26/11/2442,,2,2,-,สรอย,วังชิ้น,แพร่,54160,,,,,,,ที่ดินได้รับบริจาคหรือให้ใช้,ไม่มีกิจกรรมการสอนพุทธศาสนาในวันหยุดให้นักเรียน,17.7589269,99.44011123,พื้นราบ,อนุบาล 2,ประถมศึกษาปีที่ 6,,,,,,,1,1,0,0,ประปาหมู่บ้าน,0,มีการเชื่อมต่ออินเทอร์เน็ตด้วยจานดาวเทียม,0,1,1,1,1,0,1,1,1,0,0,0,0,0,0,0,0,0,,,,,,,,,,,,,,,,0,0,1,5,0,0,0,0,0,0,0,0,0,0,0,0,0,0,0,0,0,0,0,0,0,0,0,0,0,1,0,0,0,0,0,0,0,0,0,0,0,0,0,0,0,0,0,0,0,0,0,0,0,0,0,ใช้ DLTV,ไม่เกิดภัยธรรมชาติ,,ประถม,โรงเรียนหลัก,,กลุ่มโรงเรียนเวียงด้งนคร,31,7,-,-,3,,,,,,,,,,,,,,68,เปิดสอน,ไม่จัดตั้ง,ไม่เปิดสอน,ไม่จัดตั้ง
1054390234,บ้านม่วงคำ,Banmuangkhum,เขตพื้นที่การศึกษา,อบต.,เขตตรวจราชการเขต 16,นายณรงค์ แก้วรัตม์,23/11/2473,,2,10,-,สรอย,วังชิ้น,แพร่,54160,-,-,-,-,-,-,ที่ราชพัสดุ,ไม่อยู่,17.74688824,99.41936016,พื้นราบ,อนุบาล 2,มัธยมศึกษาปีที่ 3,,,,,,,0,1,0,20,ประปาหมู่บ้าน,0,มีการเชื่อมต่ออินเทอร์เน็ตด้วย ADSL (Broadband)|มีการเชื่อมต่ออินเทอร์เน็ตด้วยจานดาวเทียม|มีการเชื่อมต่ออินเทอร์เน็ตด้วย Fiber Optic,0,1,1,1,1,1,1,1,1,1,1,1,0,0,0,0,0,0,,,,,,,,,,,,,,,,1,20,1,10,1,10,11,0,11,11,11,11,11,10,0,10,0,0,10,10,10,10,0,0,0,10,10,2,0,0,0,0,0,0,0,0,0,0,0,0,0,0,0,0,0,0,0,0,0,0,0,0,0,0,0,ไม่จัด,ไม่เกิดภัยธรรมชาติ,1,ขยายโอกาส,โรงเรียนหลัก,,กลุ่มโรงเรียนเวียงด้งนคร,64,11,1,-,11,,1,1,1,1,,,,,,,,,70.2,เปิดสอน,จัดตั้ง,ไม่เปิดสอน,ไม่จัดตั้ง
1054390231,ชุมชนบ้านแม่หละป่าป๋วย,Maela-papauy,เขตพื้นที่การศึกษา,อบต.,เขตตรวจราชการเขต 16,นายสุชาติ เวียงชัย,24/10/2468,-,6,9,-,สรอย,วังชิ้น,แพร่,54160,899988096,-,839351204,-,Mreschool2556@gmail.com,-,ที่ราชพัสดุ,ไม่อยู่,17.77769894,99.45843198,พื้นราบ,อนุบาล 2,ประถมศึกษาปีที่ 6,,,,,,,1,1,10,1,ประปาหมู่บ้าน,0,มีการเชื่อมต่ออินเทอร์เน็ตด้วย ADSL (Broadband)|มีการเชื่อมต่ออินเทอร์เน็ตด้วย Fiber Optic,0,1,1,1,1,1,1,1,1,0,0,0,0,0,0,0,0,0,,,,,,,,,,,,,,,,0,0,1,10,1,20,0,0,0,0,0,0,0,0,0,0,0,0,0,0,0,0,0,0,0,0,0,2,9,0,0,0,0,0,0,0,0,15,15,1,0,0,0,0,0,0,0,0,0,3,15,3,10,20,10,ไม่จัด,ไม่เกิดภัยธรรมชาติ,,สำนักงานเขต,โรงเรียนหลัก,,กลุ่มโรงเรียนเวียงด้งนคร,136,8,1,-,10,,,,,,,,,,,,,,65,เปิดสอน,จัดตั้ง,ไม่เปิดสอน,ไม่จัดตั้ง
54020000,สำนักงานเขตพื้นที่การศึกษาประถมศึกษาแพร่ เขต 2,Phrae Primary Educational Service Area Office 2,,,เขตตรวจราชการเขต 17,นางสาวอ้อนจันทร์ คำเพราะ,,54520652,234,14,บ้านแม่ลาน,ห้วยอ้อ,ลอง,แพร่่,54150,054-520652,,,,,,,,18.08357647,99.84811776,,,,,,,,,,,,,,,,,,,,,,,,,,,,,,,,,,,,,,,,,,,,,,,,,,,,,,,,,,,,,,,,,,,,,,,,,,,,,,,,,,,,,,,,,,,,,,,,,,,,,,,,,,,,,,,,,,,,,,,,,,,,,,,,,,,,,,