รหัสโรงเรียน,ชื่อโรงเรียน
54020001,บ้านน้ำริน(คุรุราษฎร์รังสรรค์)
54020002,บ้านผามอก(ประชานุเคราะห์)
54020003,บ้านปง(วัฒนาวิทยาคาร)
54020005,บ้านศรีดอนไชย(ประชานุกูล)
54020006,ปากจอกวิทยา
54020007,บ้านวังเลียง
54020008,บ้านอ้ายลิ่ม(ลิ่มราษฎร์สามัคคี)
54020010,ประชารัฐวิทยาคาร
54020011,บ้านแม่รัง (จัดสรรราษฎร์สงเคราะห์)
54020012,บ้านค้างตะนะวิทยา
54020013,บ้านนาตุ้ม(คุรุราษฎร์วิทยานุสรณ์)
54020014,บ้านแม่หลู้(รัฐราษฎร์รังสรรค์)
54020015,บ้านบ่อ
54020017,อนุสรณ์รัฐประชา
54020019,บ้านปิน(ปินประชาราษฎร์)
54020020,บ้านทุ่งตากล้า(คุรุราษฎร์บำรุงวิทย์)
54020021,บ้านปากกาง(ประชาราษฎร์รังสฤษฎ์)
54020024,บ้านแม่ปาน(แม่ปานประชาสงเคราะห์)
54020026,บ้านเหล่า(รัฐราษฎร์บำรุง )
54020027,บ้านแหลง(คุรุประชาสามัคคี)
54020028,บ้านม่อน(ปัญญาฉลาดราษฎร์นุกูล)
54020029,บ้านแป้น(รัฐราษฎร์วิทยา)
54020031,บ้านแม่จองไฟ(รัฐราษฎร์พัฒนา)
54020032,บ้านดอนมูล(สุวรรณสาราษฎร์บำรุง)
54020033,บ้านนาหลวง(สำนักงานสลากกินแบ่งสงเคราะห์387)
54020034,บ้านนาแก
54020036,อนุบาลจรูญลองรัตนาคาร
54020038,บ้านนาอุ่นน่อง(ประชารัฐวิทยาคาร)
54020042,บ้านไผ่ล้อม(สำนักงานสลากกินแบ่งสงเคราะห์ 46)
54020046,บ้านหัวดง
54020052,ชุมชนบ้านบวกโป่ง(พรหมราษฎร์อุปถัมภ์)
54020054,วัดมงคลถาวร(มงคลวิทยาสรรค์)
54020055,บ้านกาศ(วัฒนาประชานุกูล)
54020057,บ้านปงท่าข้าม(ปงประชานุกูล)
54020058,บ้านปงหัวหาด(หัวหาดราษฎร์บำรุง)
54020059,บ้านน้ำฮอก(รัฐราษฎร์วิทยา)
54020060,บ้านเหล่า(พิชัยศิริราษฎร์รังสรรค์)
54020061,วัดสิทธิวิมล(สุวรรณราษฎร์ปัญญา)
54020062,วัดพระหลวง(อภิชัยราษฎร์สงเคราะห์)
54020064,บ้านแม่สายดอนทัน(คำแวงประชาอุทิศ)
54020065,ชุมชนบ้านร่องกาศ(ศรีวิทยาคาร)
54020067,วัดตอนิมิตร(สิทธิราษฎร์รังสรรค์)
54020071,บ้านเวียงทอง(เวียงทองวิทยาคาร)
54020072,บ้านวังวน(ราษฎร์พิทยา)
54020073,บ้านสบสาย(จันทรพัฒน์ประชาสรรค์)
54020075,สูงเม่นวิทยาคาร
54020076,วัดสร่างโศก
54020077,วัดโชคเกษม(เกษมราษฎร์บำรุง)
54020078,บ้านดอนชัย(กันทราษฎร์วิทยาคาร)
54020080,ช่องลมจันทิมาประชาพิทักษ์
54020081,วัดศรีดอก(ประชาพัฒนา)
54020084,เด่นทัพชัย
54020085,เด่นไชยประชานุกูล
54020086,บ้านน้ำโค้ง
54020087,บ้านบ่อแก้ว
54020089,บ้านปางเคาะ
54020091,บ้านปากปาน(สีมารัตน์วิทยานุสรณ์)
54020093,ชุมชนบ้านปงป่าหวาย
54020094,บ้านแม่ยุ้น (ประชารัฐรังสฤษฏ์)
54020095,บ้านสวนหลวง(สวนหลวงวิทยายน)
54020096,บ้านแม่จั๊วะ
54020098,บ้านห้วยไร่ (รัฐราษฎร์อนุกูล)
54020100,บ้านห้วยลากปืน
54020101,บ้านน้ำแรม (รัฐราษฎร์อนุเคราะห์)
54020102,บ้านแม่แปง
54020103,บ้านนาปลากั้ง
54020104,บ้านวังลึก
54020105,บ้านเปาปมดงยาง(มิตรภาพที่ 155)
54020106,บ้านไร่หลวง
54020107,บ้านนาพูน
54020108,บ้านป่าสักปางไม้
54020109,บ้านแม่กระต๋อม
54020110,บ้านสองแคว
54020112,บ้านค้างใจ
54020113,บ้านแม่สิน
54020114,บ้านสบป้าก
54020115,บ้านสลก
54020116,บ้านแช่ฟ้า
54020118,บ้านแม่บงเหนือ
54020119,ชุมชนบ้านแม่ป้าก
54020120,บ้านแม่จอก
54020121,บ้านแม่บงใต้
54020122,บ้านวังขอนป่าไผ่
54020123,บ้านวังกวาง
54020124,บ้านค้างปินใจ
54020126,บ้านขุนห้วย
54020128,บ้านปางมะโอ
54020129,สวนป่าแม่สรอย
54020130,บ้านแม่แฮด
54020131,บ้านแม่ตื้ด
54020132,บ้านป่าคาป่าม่วง
54020133,บ้านปางไฮ
54020134,บ้านวังชิ้น
54020135,บ้านวังเบอะ
54020136,บ้านวังแฟน
54020137,บ้านป่ายุบ
54020138,บ้านหาดรั่ว
54020140,บ้านใหม่(สมบัติทวีประชาสรรค์)
54020141,บ้านนาใหม่
54020142,บ้านแพะทุ่งเจริญ
54020143,บ้านแม่ขมิง
54020145,บ้านม่วงคำ
54020146,ชุมชนบ้านแม่หละป่าป๋วย
